signature,owner,isSigner,blockTime,platformId,serviceName,fees,success,ticker,address,preBalance,postBalance,balanceChange
2JhvPheCstLR9FakKETYJAdor9iaQLTY2wBduJzWXciFSBbYNUK4NLyB4FLUZ4Hx8HfijctsQ7wnw59yUxuDQMzs,3hJQ8L8XmDpgdtRbVebh3tYvMFwhtNLyc7SJBHSCfxGo,false,2026-05-02T05:27:01.000Z,solana,Transfer,,true,SOL,11111111111111111111111111111111,0.934351422,0.934361422,0.00001
2hdTzKvaVTSmXiMJEvqRkcMavwGRv4cB9j3Ph4XoBhhNiW25omD34dZvQUF2Zer2E7B7oBQHXSqnHg2Chx71MabC,3hJQ8L8XmDpgdtRbVebh3tYvMFwhtNLyc7SJBHSCfxGo,false,2026-05-02T05:26:57.000Z,,,,true,USDT,Es9vMFrzaCERmJfrF4H2FYD4KCoNkY11McCe8BenwNYB,7640.677599,7640.687599,0.010000000000218279
rQTTjP2dNG2u5vdtvU2jPoXQZXqSuhu3kEwFKLhEdv53mkBpLNfP5UXSbwTjGLCWhuqyHXzDwenYcLzWhjuGQGC,3hJQ8L8XmDpgdtRbVebh3tYvMFwhtNLyc7SJBHSCfxGo,false,2026-05-02T05:24:29.000Z,solana,Transfer,,true,SOL,11111111111111111111111111111111,0.934341422,0.934351422,0.00001
kJ6ZvCWzNjCXX9mL1bw32zbYhCHZKV5vx8vjy117H47eLevFgSqQzWKWtD1DAE1s2W743kPyPQDTatkKr6bhswC,3hJQ8L8XmDpgdtRbVebh3tYvMFwhtNLyc7SJBHSCfxGo,true,2026-05-02T05:24:23.000Z,solana,Transfer,0.000079994,true,SOL,11111111111111111111111111111111,0.934421416,0.934341422,-0.000079994
kJ6ZvCWzNjCXX9mL1bw32zbYhCHZKV5vx8vjy117H47eLevFgSqQzWKWtD1DAE1s2W743kPyPQDTatkKr6bhswC,3hJQ8L8XmDpgdtRbVebh3tYvMFwhtNLyc7SJBHSCfxGo,true,2026-05-02T05:24:23.000Z,solana,Transfer,0.000079994,true,USDT,Es9vMFrzaCERmJfrF4H2FYD4KCoNkY11McCe8BenwNYB,27640.677599,7640.677599,-20000
KyxdHae7Gty5Ff9y7wu8jNeBAbPcihAHa8SawqPZevjUGeojRshJwJs4hmoY2cZHqU2oVjEvezCWgXiG4XMuLcD,3hJQ8L8XmDpgdtRbVebh3tYvMFwhtNLyc7SJBHSCfxGo,false,2026-05-01T10:07:56.000Z,,,,true,JHUB,2NZUkuTHjmQdJuHHtfvuAX6iVCPskAjz3Y8zpj3g4f1Z,0,143323,143323
35HpQofJzPwtoCgu8SDdywk56Uci4Pw6r2VegGZJMjCs9FyZi8iWps8X55Cg1Ag8ZfBnh21rLoPGkdXxJVtcbnf,3hJQ8L8XmDpgdtRbVebh3tYvMFwhtNLyc7SJBHSCfxGo,false,2026-04-29T17:32:40.000Z,,,,true,JUPHUB,Gy6Du8Ty2YXxRe8UzUavewy1RT78XBoVnZuVtYsSYcfM,0,528135,528135
UR9ZVETVdHdvd3gpMJaaxT6gD6Hn1FKS2XTnBHLSCSXiXS1Lp3rksR347BQpA1qHin8Afvt4U5C5yB1mscYM87y,3hJQ8L8XmDpgdtRbVebh3tYvMFwhtNLyc7SJBHSCfxGo,false,2026-04-28T07:51:53.000Z,solana,Transfer,,true,USDT,Es9vMFrzaCERmJfrF4H2FYD4KCoNkY11McCe8BenwNYB,19617.283299,27640.677599,8023.3943
ZGKFaGM9C4WoNfoWNJoJxq7juirSg6uVm3uBJs2WmKULTt2ttMZVU9LbrARtrFX9aRZcha4RzPm1RwfjEZYTn7W,3hJQ8L8XmDpgdtRbVebh3tYvMFwhtNLyc7SJBHSCfxGo,false,2026-04-27T16:20:41.000Z,,,,true,JUPHUB,DZ4X8LPKsWXBZNUatMkq2hyaip4EfCaPYk2nL1CKDchp,0,19500,19500
4uZUrbWqk7GBMYXyh9Rc6NsHxGofN8fh9V9Uq7dnMxju4knCGxZTfPMbXqXTSmCpxcBNkznurs7tNS5XS177CJwH,3hJQ8L8XmDpgdtRbVebh3tYvMFwhtNLyc7SJBHSCfxGo,false,2026-04-25T03:52:44.000Z,solana,Transfer,,true,SOL,11111111111111111111111111111111,0.934411416,0.934421416,0.00001
5GwAoW3Kki8HGw9fo3wmJtjTAV46TyBjiLuPiP1nLvJRrBffodThqwoxpiWrRTot7ZKG9UN25SfBABTwLZd9XQRo,3hJQ8L8XmDpgdtRbVebh3tYvMFwhtNLyc7SJBHSCfxGo,true,2026-04-25T03:50:27.000Z,solana,Transfer,0.000079996,true,SOL,11111111111111111111111111111111,0.934491412,0.934411416,-0.000079996
5GwAoW3Kki8HGw9fo3wmJtjTAV46TyBjiLuPiP1nLvJRrBffodThqwoxpiWrRTot7ZKG9UN25SfBABTwLZd9XQRo,3hJQ8L8XmDpgdtRbVebh3tYvMFwhtNLyc7SJBHSCfxGo,true,2026-04-25T03:50:27.000Z,solana,Transfer,0.000079996,true,PYTH,HZ1JovNiVvGrGNiiYvEozEVgZ58xaU3RKwX8eACQBCt3,43515,0,-43515
3cbzDbeuZhD7XXGbzRbehWDosL4v7HUD8cT8LMEGx6uQPJPXZejzB3RuBNVM65AZnjvqbG1wvs6XQtgsHEeuuPrF,3hJQ8L8XmDpgdtRbVebh3tYvMFwhtNLyc7SJBHSCfxGo,false,2026-04-25T01:29:44.000Z,,,,true,JUPREW,CkaXmXi9ne13jNZ2qgR7miHZzUh7MUiNWHkGaEcGZLsv,0,286797,286797
4GyLq5cqkqVpE9jUwRccpGcK8bKdXWHZcywX2aH2JWnkKdL25TxNcbfvgdz5kxvoHsEHEqcQrC3xGrepYu9vznJh,3hJQ8L8XmDpgdtRbVebh3tYvMFwhtNLyc7SJBHSCfxGo,false,2026-04-24T09:21:19.000Z,solana,Transfer,,true,SOL,11111111111111111111111111111111,0.934481412,0.934491412,0.00001
5CvWz6YJahvG9DY1zxM5qiKyP285oLkVJwMgRbzQ6zP3k9YiaJ5ProsetTfSTPZdLMcgpz6HLQpnWWFC8t7h1zLy,3hJQ8L8XmDpgdtRbVebh3tYvMFwhtNLyc7SJBHSCfxGo,false,2026-04-24T09:19:29.000Z,solana,Transfer,,true,PYTH,HZ1JovNiVvGrGNiiYvEozEVgZ58xaU3RKwX8eACQBCt3,0,43515,43515
2RxT9keFeJa1UdVaDzUCtTrSfVD9xswBaySNck4yRxgdtnHNDsvTfHn1d84Gipb8Z42GRGNh7pcY5SaqhT7rv68c,3hJQ8L8XmDpgdtRbVebh3tYvMFwhtNLyc7SJBHSCfxGo,false,2026-04-24T07:27:58.000Z,,,,true,JUPE,3tWGStNsYF2VihjBPBv4BpZufoY7iJKbCejnPUatBY2V,0,506617,506617
2LprdT1Pnha2CZWZLs7aoUFim4Qj5PvhsbrjX6DYWWfY53aveUPGE4bAcx4zPr2sv8VRagGY1JKE9yu1enHzqMiT,3hJQ8L8XmDpgdtRbVebh3tYvMFwhtNLyc7SJBHSCfxGo,false,2026-04-23T12:42:00.000Z,,,,true,JUPE,GM9WxQpAi1SwPnc8YGyojZCFHxoCjp4AAzSQEQfQd5DD,0,29570,29570
4XvSUaHRuZjK9U7mULn1oNVrcbgZe4W4zfPM9aypKhbdAuesVcV7qGuKuZBYWEnmWYRaZ8fGKmtNZfVG9Toy3Y89,3hJQ8L8XmDpgdtRbVebh3tYvMFwhtNLyc7SJBHSCfxGo,false,2026-04-19T02:47:13.000Z,,,,true,JUPV,3k5z8WWX6TkpgvDwwr2jDEAaMMwxX56Kj2Xs6HFRjafN,0,17094.411619,17094.411619
5JY2FLhkbUZNvBUDVrvBoQt2EotsZhpHeQG3oYFRegCAuQwneoEkEroRuVUEnKpLf7ZzEThsphxvRgrfadxgZSYh,3hJQ8L8XmDpgdtRbVebh3tYvMFwhtNLyc7SJBHSCfxGo,false,2026-04-09T12:22:39.000Z,solana,Transfer,,true,USDT,Es9vMFrzaCERmJfrF4H2FYD4KCoNkY11McCe8BenwNYB,14000.019999,19617.283299,5617.263299999999
219wEFCsF65JVho14h95rQALuLqqHUdNLjFQkesAyNiojM1EgF4UG2Xu8WKhazi6sCbLhvaP6WM5BQAL9W3zXc2c,3hJQ8L8XmDpgdtRbVebh3tYvMFwhtNLyc7SJBHSCfxGo,false,2026-04-02T06:51:08.000Z,solana,Transfer,,true,SOL,11111111111111111111111111111111,0.934481411,0.934481412,1e-9
5HYp3sgGFUjnAMx8GHbrY6sDcf3WwppPh2qNc8G6uwJW1grLji6jCwqSn76X9KQrUBvN36P9btqJR45CFWbMX518,3hJQ8L8XmDpgdtRbVebh3tYvMFwhtNLyc7SJBHSCfxGo,false,2026-04-02T06:11:45.000Z,solana,Transfer,,true,SOL,11111111111111111111111111111111,0.934476411,0.934481411,0.000005
tHsCXxye7mFC6ZEt7ExAnBqw6sPF2agpa53aTWQEYoQ7SizyvNzAdmkPfEtXvWwGzTLL8Z3KRCn9r63sgLwQU3m,3hJQ8L8XmDpgdtRbVebh3tYvMFwhtNLyc7SJBHSCfxGo,false,2026-04-02T06:11:39.000Z,solana,Transfer,,true,SOL,11111111111111111111111111111111,0.934466411,0.934476411,0.00001
43gQJfhdiyyMDpdjimMTGHaPjWQZ4DwYyHRTjxQoB4iGJU5syVQskAYo6pUJjS5WY6QdkiG6D9dCU1dWfCUXtGLg,3hJQ8L8XmDpgdtRbVebh3tYvMFwhtNLyc7SJBHSCfxGo,true,2026-04-02T06:11:24.000Z,solana,Transfer,0.000079996,true,SOL,11111111111111111111111111111111,0.934546407,0.934466411,-0.000079996
43gQJfhdiyyMDpdjimMTGHaPjWQZ4DwYyHRTjxQoB4iGJU5syVQskAYo6pUJjS5WY6QdkiG6D9dCU1dWfCUXtGLg,3hJQ8L8XmDpgdtRbVebh3tYvMFwhtNLyc7SJBHSCfxGo,true,2026-04-02T06:11:24.000Z,solana,Transfer,0.000079996,true,PYTH,HZ1JovNiVvGrGNiiYvEozEVgZ58xaU3RKwX8eACQBCt3,137000,0,-137000
S3CzomFjdfCC8zhSo7UmUFLmW3Bc32mycjizgzfX8XXwq53u5UjaZLakqMRPSGRfNUVcn9bs3KEjQD4ZxF71wxa,3hJQ8L8XmDpgdtRbVebh3tYvMFwhtNLyc7SJBHSCfxGo,false,2026-04-02T06:02:12.000Z,solana,Transfer,,true,SOL,11111111111111111111111111111111,0.934541407,0.934546407,0.000005
57koj1QjcCx7cBXv328XeMMojXLS1PssFcHMMiMaCvn8pSY3sJftk7f97CT5MQiPyoN6qChrptAHHc4mu2sAXRqA,3hJQ8L8XmDpgdtRbVebh3tYvMFwhtNLyc7SJBHSCfxGo,false,2026-04-02T06:02:05.000Z,solana,Transfer,,true,SOL,11111111111111111111111111111111,0.934531407,0.934541407,0.00001
5R4dK4KR9ZrYfe2J2JCL68m2po21AEQ3k8Di93kyms4NZdpJSmVpJxjQrfFbT3woQwYFmPYzZseUjSDoqf9g8adu,3hJQ8L8XmDpgdtRbVebh3tYvMFwhtNLyc7SJBHSCfxGo,true,2026-04-02T06:01:49.000Z,solana,Transfer,0.000079994,true,SOL,11111111111111111111111111111111,0.934611401,0.934531407,-0.000079994
5R4dK4KR9ZrYfe2J2JCL68m2po21AEQ3k8Di93kyms4NZdpJSmVpJxjQrfFbT3woQwYFmPYzZseUjSDoqf9g8adu,3hJQ8L8XmDpgdtRbVebh3tYvMFwhtNLyc7SJBHSCfxGo,true,2026-04-02T06:01:49.000Z,solana,Transfer,0.000079994,true,USDT,Es9vMFrzaCERmJfrF4H2FYD4KCoNkY11McCe8BenwNYB,33000.019999,14000.019999,-18999.999999999996
3QvouYhR4rcaZ4LMdJHpmqA9KMr76iHnAHUeux3QLPYA3KzquBvuE7skAtBiCYQmmw2otsYpBouzM6p4fZ5ZrDr,3hJQ8L8XmDpgdtRbVebh3tYvMFwhtNLyc7SJBHSCfxGo,false,2026-03-29T14:38:29.000Z,solana,Transfer,,true,SOL,11111111111111111111111111111111,0.934601401,0.934611401,0.00001
2CZkC2AMykZqpe5N6gjzTKTiubBgNA8pZYJ52VqCQb6q8oR4waNmwsRVzK6DFeiXR979XSrY7zak5F8AWPrPd5uH,3hJQ8L8XmDpgdtRbVebh3tYvMFwhtNLyc7SJBHSCfxGo,false,2026-03-29T14:38:14.000Z,solana,Transfer,,true,PYTH,HZ1JovNiVvGrGNiiYvEozEVgZ58xaU3RKwX8eACQBCt3,0,137000,137000
3PLF2XMNs74dhN7ctZniobaVY61fHLTh4j8t1tDiUjrv22GCrXEoXtPrEj5A2kohCPvzuVekQkBnU4ky1qFu6Hgh,3hJQ8L8XmDpgdtRbVebh3tYvMFwhtNLyc7SJBHSCfxGo,false,2026-03-14T06:58:35.000Z,solana,Transfer,,true,SOL,11111111111111111111111111111111,0.934591401,0.934601401,0.00001
5j5Cq425FxQzWSrzRK4Sn3pWw5N3zntPXxd2D93UaDfEtXz3fc63GDCLurUhtpjaAgeWjz91EnbeD5aQ3h7RHjwi,3hJQ8L8XmDpgdtRbVebh3tYvMFwhtNLyc7SJBHSCfxGo,false,2026-03-14T06:58:30.000Z,solana,Transfer,,true,USDT,Es9vMFrzaCERmJfrF4H2FYD4KCoNkY11McCe8BenwNYB,33000.009999,33000.019999,0.00999999999476131
4VBEwP7HqAz3qxV31A9zQgnMNyYNMhjePceyYXDRrdK7LUiFt2PjaiQTePG6a9yCi7hf6NwbQtjq9VSmMwSnujJx,3hJQ8L8XmDpgdtRbVebh3tYvMFwhtNLyc7SJBHSCfxGo,false,2026-03-14T06:54:46.000Z,solana,Transfer,,true,SOL,11111111111111111111111111111111,0.934581401,0.934591401,0.00001
3VpKPZiqqQh7zi3ZgQwmxWBvNMfoKSYLj1KgLSR8gKSEGHR3RzKXLQXitKXPfZxtxijtiN6eB661fKRWPeDsrHdP,3hJQ8L8XmDpgdtRbVebh3tYvMFwhtNLyc7SJBHSCfxGo,false,2026-03-14T06:54:43.000Z,solana,Transfer,,true,SOL,11111111111111111111111111111111,0.934481401,0.934581401,0.0001
3JXk4F52sA3zCrGJKismhNLDv1P4j9XWNo2RQw98EQh8QKFP7WRsdrZy9jrWWPa2XL8Fhzo48YjrkwceCXa6RCk7,3hJQ8L8XmDpgdtRbVebh3tYvMFwhtNLyc7SJBHSCfxGo,false,2026-03-14T06:54:43.000Z,solana,Transfer,,true,USDT,Es9vMFrzaCERmJfrF4H2FYD4KCoNkY11McCe8BenwNYB,32999.999999,33000.009999,0.010000000002037268
2ZGC1Ah2S1nhZrjHWrqAKhtLh4z6DqqTkA87gnUHnRZH1mway4bRbAVVK8Ra4VcXN1NHARM27Y1rD7LACe5azKru,3hJQ8L8XmDpgdtRbVebh3tYvMFwhtNLyc7SJBHSCfxGo,false,2026-03-14T06:41:04.000Z,solana,Transfer,,true,SOL,11111111111111111111111111111111,0.934471401,0.934481401,0.00001
eBodcVgoDbgNrjVspJcUFr2wamrCKMMA85vARtJMGEAJiZXMgueEGgydcDEz7xvzcphLGGQ7btnJSN7mWUfcyF2,3hJQ8L8XmDpgdtRbVebh3tYvMFwhtNLyc7SJBHSCfxGo,true,2026-03-14T06:40:47.000Z,solana,Transfer,0.000005,true,SOL,11111111111111111111111111111111,0.934476401,0.934471401,-0.000005
eBodcVgoDbgNrjVspJcUFr2wamrCKMMA85vARtJMGEAJiZXMgueEGgydcDEz7xvzcphLGGQ7btnJSN7mWUfcyF2,3hJQ8L8XmDpgdtRbVebh3tYvMFwhtNLyc7SJBHSCfxGo,true,2026-03-14T06:40:47.000Z,solana,Transfer,0.000005,true,USDT,Es9vMFrzaCERmJfrF4H2FYD4KCoNkY11McCe8BenwNYB,33758.369989,32999.999999,-758.3699899999992
5LMqDnA49MNTcXQPQJLGZCJiuruR9dgwSxoCWrzSyfXReirc2Kfsw64UXRWAt1EuDYkZmxDuBTYzuZumdYdA1NAz,3hJQ8L8XmDpgdtRbVebh3tYvMFwhtNLyc7SJBHSCfxGo,false,2026-03-14T06:38:32.000Z,solana,Transfer,,true,SOL,11111111111111111111111111111111,0.934466401,0.934476401,0.00001
5CnErpFPv3xDRVqaFhURY4TtemAnPmibt41Ysx7Bqhp9MUmFdVwMWZLGfKh5NeGYhTMVH4wZBvJ1qsVnD2aoPzbY,3hJQ8L8XmDpgdtRbVebh3tYvMFwhtNLyc7SJBHSCfxGo,false,2026-03-14T06:38:12.000Z,,,,true,USDT,Es9vMFrzaCERmJfrF4H2FYD4KCoNkY11McCe8BenwNYB,33758.367989,33758.369989,0.0020000000004074536
33sPJazdJied2rFtNRDMvNkPBbCNgUd3qDvfHadUDj3pMCBG9BatsGxZmhgn1C6FvVKCfdLyy7KmQkaj3VT9VkHu,3hJQ8L8XmDpgdtRbVebh3tYvMFwhtNLyc7SJBHSCfxGo,true,2026-03-14T06:38:07.000Z,solana,Transfer,0.000005,true,SOL,11111111111111111111111111111111,0.934471401,0.934466401,-0.000005
33sPJazdJied2rFtNRDMvNkPBbCNgUd3qDvfHadUDj3pMCBG9BatsGxZmhgn1C6FvVKCfdLyy7KmQkaj3VT9VkHu,3hJQ8L8XmDpgdtRbVebh3tYvMFwhtNLyc7SJBHSCfxGo,true,2026-03-14T06:38:07.000Z,solana,Transfer,0.000005,true,USDT,Es9vMFrzaCERmJfrF4H2FYD4KCoNkY11McCe8BenwNYB,53758.367989,33758.367989,-20000
qBH9kJ38vGgi4yGWi5QA2oaVnt8xNVJMHekp5LUFn9i5mUezbbtMvBWnW2nEw63SzMWxUQpipb5YTfFPRZhf3dZ,3hJQ8L8XmDpgdtRbVebh3tYvMFwhtNLyc7SJBHSCfxGo,false,2026-03-01T15:00:12.000Z,solana,Transfer,,true,SOL,11111111111111111111111111111111,0.934461401,0.934471401,0.00001
4WGckY95p7qumrVQFKNkDoeGSj75ptKUM6gqnXu52sBo16W6a2TWK6PvKXpAew7nD6XFQeAa8absiq5EYX5tEDag,3hJQ8L8XmDpgdtRbVebh3tYvMFwhtNLyc7SJBHSCfxGo,false,2026-03-01T14:59:58.000Z,,,,true,USDT,Es9vMFrzaCERmJfrF4H2FYD4KCoNkY11McCe8BenwNYB,53758.365989,53758.367989,0.0020000000004074536
JjQhfMgumkZXiKwDQae6qmto5T73WpsNq6Hev6ouvQHEgYoXTB8dsS8CZgQ8UWV2EeaMjdPewtr7BKAvhW7CbGb,3hJQ8L8XmDpgdtRbVebh3tYvMFwhtNLyc7SJBHSCfxGo,true,2026-03-01T14:59:55.000Z,solana,Transfer,0.000005,true,SOL,11111111111111111111111111111111,0.934466401,0.934461401,-0.000005
JjQhfMgumkZXiKwDQae6qmto5T73WpsNq6Hev6ouvQHEgYoXTB8dsS8CZgQ8UWV2EeaMjdPewtr7BKAvhW7CbGb,3hJQ8L8XmDpgdtRbVebh3tYvMFwhtNLyc7SJBHSCfxGo,true,2026-03-01T14:59:55.000Z,solana,Transfer,0.000005,true,USDT,Es9vMFrzaCERmJfrF4H2FYD4KCoNkY11McCe8BenwNYB,73758.365989,53758.365989,-20000
2XeRTNPmuzaJ9vbjUvacUku8pGqjEnmBHLu9ZbKE1ByD744SikupHLkLga8Fn5WUeQQxvpi4Gtwka5VkWXks2Vz1,3hJQ8L8XmDpgdtRbVebh3tYvMFwhtNLyc7SJBHSCfxGo,false,2026-03-01T14:54:38.000Z,solana,Transfer,,true,USDT,Es9vMFrzaCERmJfrF4H2FYD4KCoNkY11McCe8BenwNYB,53914.782889,73758.365989,19843.583099999996
2GB7rnmagC7nhjkGfGxtdkgNy6pNbPKz9D7MxB3CJNNmVqJKgcRUjmxVXLnbSH3oMbh7TqufY6bXd4phJ2ex6n3n,3hJQ8L8XmDpgdtRbVebh3tYvMFwhtNLyc7SJBHSCfxGo,false,2026-02-27T13:33:33.000Z,solana,Transfer,,true,SOL,11111111111111111111111111111111,0.934456401,0.934466401,0.00001
46RAQRecFQMfcd5Ef9yV62sFVBm7L4KKD7fEzaDyHcxDzzu1MfX4USb89HNNqUpN2zgXYU3M1GN2wQ5swfHYtMSf,3hJQ8L8XmDpgdtRbVebh3tYvMFwhtNLyc7SJBHSCfxGo,true,2026-02-27T13:33:15.000Z,solana,Transfer,0.000005,true,SOL,11111111111111111111111111111111,0.934461401,0.934456401,-0.000005
46RAQRecFQMfcd5Ef9yV62sFVBm7L4KKD7fEzaDyHcxDzzu1MfX4USb89HNNqUpN2zgXYU3M1GN2wQ5swfHYtMSf,3hJQ8L8XmDpgdtRbVebh3tYvMFwhtNLyc7SJBHSCfxGo,true,2026-02-27T13:33:15.000Z,solana,Transfer,0.000005,true,PYTH,HZ1JovNiVvGrGNiiYvEozEVgZ58xaU3RKwX8eACQBCt3,420001,0,-420001
JMEee1G2xzRMHkaCkwCxKFe38Wt7XzawFpWzdzP5Tt4PEQFZnTmZ8T2iyRRH5yd6nBMQXBdyeuYRwtq2exG5j2v,3hJQ8L8XmDpgdtRbVebh3tYvMFwhtNLyc7SJBHSCfxGo,false,2026-02-27T10:38:24.000Z,solana,Transfer,,true,SOL,11111111111111111111111111111111,0.934451401,0.934461401,0.00001
4ze3BDLFTE4bastggik9DUBqHLSEJ291ZDAGR3gKUdE42bK5CbrpiM3VdGwYoae9FVBUGNS6WNha5yJRgSjYRDfL,3hJQ8L8XmDpgdtRbVebh3tYvMFwhtNLyc7SJBHSCfxGo,false,2026-02-27T10:38:09.000Z,solana,Transfer,,true,PYTH,HZ1JovNiVvGrGNiiYvEozEVgZ58xaU3RKwX8eACQBCt3,375001,420001,45000
qBVH5da47tUTCWBAThptfjXWtdBVZcDvrSZBfu4LMi9JtJPHPedfU4SwTGXLVYU7chfw5Uo7HCHaHrjkpqcLYhy,3hJQ8L8XmDpgdtRbVebh3tYvMFwhtNLyc7SJBHSCfxGo,false,2026-02-27T10:37:19.000Z,solana,Transfer,,true,SOL,11111111111111111111111111111111,0.934441401,0.934451401,0.00001
3YkwEb2Jpwijf2xATguefVpjesKijwuq1DFzx1NR5WC6NVTE3eeEZRAzw2Hq9hxqeyDWgNAFv2m337x6S6bavFbC,3hJQ8L8XmDpgdtRbVebh3tYvMFwhtNLyc7SJBHSCfxGo,false,2026-02-27T10:37:04.000Z,solana,Transfer,,true,PYTH,HZ1JovNiVvGrGNiiYvEozEVgZ58xaU3RKwX8eACQBCt3,1,375001,375000
5dGdp5P1BJky2ctXbMNUzy4J4VFoQA4ndhDqYDeNdBu24g7shKo28b1zkAo5r65nekSAXs27AbzLmwm8G8JYUdud,3hJQ8L8XmDpgdtRbVebh3tYvMFwhtNLyc7SJBHSCfxGo,false,2026-02-27T10:31:46.000Z,solana,Transfer,,true,PYTH,HZ1JovNiVvGrGNiiYvEozEVgZ58xaU3RKwX8eACQBCt3,0,1,1
ksYi5UJw65rAA52aubx7LT1HbJ1TPEdHx4SbuBZCb6yCcuukFiNqjGV5Gam4fJxTHJ9CevqUZCt98WoDqeST96C,3hJQ8L8XmDpgdtRbVebh3tYvMFwhtNLyc7SJBHSCfxGo,false,2026-02-11T16:20:28.000Z,solana,Transfer,,true,USDT,Es9vMFrzaCERmJfrF4H2FYD4KCoNkY11McCe8BenwNYB,46913.947189,53914.782889,7000.835700000003
5PcyH2kxFNbMuyN75fu2Q3ZtZ5USyTMKTr18xx5mUU5FtqPpQAZJTCv89zPJ3T8kThkiVegDVF3S26MZwMaxUEuW,3hJQ8L8XmDpgdtRbVebh3tYvMFwhtNLyc7SJBHSCfxGo,false,2026-02-02T03:39:01.000Z,solana,Transfer,,true,USDT,Es9vMFrzaCERmJfrF4H2FYD4KCoNkY11McCe8BenwNYB,45067.563589,46913.947189,1846.383600000001
4zkeN6hg3LBSKfMsyfhQ6rwHXt8zBg5y87ZtXHMHB6RHJSqajks9oAtv5TkpYHpeHrju8CSRz69uvocxsv4yx5QD,3hJQ8L8XmDpgdtRbVebh3tYvMFwhtNLyc7SJBHSCfxGo,true,2026-01-30T14:39:46.000Z,jupiter-exchange,JupiterZ,0.000010309,true,PYTH,HZ1JovNiVvGrGNiiYvEozEVgZ58xaU3RKwX8eACQBCt3,29300,0,-29300
4zkeN6hg3LBSKfMsyfhQ6rwHXt8zBg5y87ZtXHMHB6RHJSqajks9oAtv5TkpYHpeHrju8CSRz69uvocxsv4yx5QD,3hJQ8L8XmDpgdtRbVebh3tYvMFwhtNLyc7SJBHSCfxGo,true,2026-01-30T14:39:46.000Z,jupiter-exchange,JupiterZ,0.000010309,true,USDT,Es9vMFrzaCERmJfrF4H2FYD4KCoNkY11McCe8BenwNYB,43319.40559,45067.563589,1748.1579989999955
2oDaKNh8uU4evpRCLULn4mSd8bxXCxb3EyYmfrgWDfuKuRNEpvxEDtPPZw88HmXqK6HthmJxQzRPvH97xyyWZM57,3hJQ8L8XmDpgdtRbVebh3tYvMFwhtNLyc7SJBHSCfxGo,false,2026-01-30T14:38:59.000Z,solana,Transfer,,true,SOL,11111111111111111111111111111111,0.934431401,0.934441401,0.00001
YuKxmjdeTwBUvVTZAfC3RSNuqNBYNFYXiwSmD1poxMX86RrBrZL4ThtyfpZqMKHUdAL8WzkyGud3sC5aine25qy,3hJQ8L8XmDpgdtRbVebh3tYvMFwhtNLyc7SJBHSCfxGo,true,2026-01-30T14:38:38.000Z,solana,Transfer,0.000005,true,SOL,11111111111111111111111111111111,0.934436401,0.934431401,-0.000005
YuKxmjdeTwBUvVTZAfC3RSNuqNBYNFYXiwSmD1poxMX86RrBrZL4ThtyfpZqMKHUdAL8WzkyGud3sC5aine25qy,3hJQ8L8XmDpgdtRbVebh3tYvMFwhtNLyc7SJBHSCfxGo,true,2026-01-30T14:38:38.000Z,solana,Transfer,0.000005,true,USDT,Es9vMFrzaCERmJfrF4H2FYD4KCoNkY11McCe8BenwNYB,58319.40559,43319.40559,-15000
Z8hUSiE57tp5VGTCC8DYqwybU1nKsrJv7D9saTizrGARwUWpntBmQodKB92QcYR6G6QHV3s8U3spNnBB3yG2YYB,3hJQ8L8XmDpgdtRbVebh3tYvMFwhtNLyc7SJBHSCfxGo,false,2026-01-30T04:46:12.000Z,solana,Transfer,,true,SOL,11111111111111111111111111111111,0.934426401,0.934436401,0.00001
SYaF9WqZUzKuWjV2aN2Q3xDU1rRSwYfAVAG1xKKBRiGyxUi5PtjifbMHLkaiM1WB9dpZvrfGEhqmmsm32GpDgYH,3hJQ8L8XmDpgdtRbVebh3tYvMFwhtNLyc7SJBHSCfxGo,false,2026-01-30T04:45:53.000Z,solana,Transfer,,true,PYTH,HZ1JovNiVvGrGNiiYvEozEVgZ58xaU3RKwX8eACQBCt3,0,29300,29300
51QEwtpgSKVsLYeFMLaQeCaNL7RmjFu4rz11kkESkwiGLNmPadmZroU4QhP5YGEDRV2HSqATMN2hwqGKDFfxpKRA,3hJQ8L8XmDpgdtRbVebh3tYvMFwhtNLyc7SJBHSCfxGo,true,2026-01-28T12:38:16.000Z,kamino,Scope Price,0.00016642,true,SOL,11111111111111111111111111111111,0.910427701,0.934426401,0.0239987
51QEwtpgSKVsLYeFMLaQeCaNL7RmjFu4rz11kkESkwiGLNmPadmZroU4QhP5YGEDRV2HSqATMN2hwqGKDFfxpKRA,3hJQ8L8XmDpgdtRbVebh3tYvMFwhtNLyc7SJBHSCfxGo,true,2026-01-28T12:38:16.000Z,kamino,Scope Price,0.00016642,true,USDT,Es9vMFrzaCERmJfrF4H2FYD4KCoNkY11McCe8BenwNYB,0.000001,58319.40559,58319.405589
3PQnoT71Key3taRSnB5gjizQX9kfpPNYM8fWHUQtooNnDchHHoL1r8MsF6e6qrYXqTaEUp2mGyLJLRVHFkWirARw,3hJQ8L8XmDpgdtRbVebh3tYvMFwhtNLyc7SJBHSCfxGo,true,2026-01-28T12:36:30.000Z,kamino,Scope Price,0.000044756,true,SOL,11111111111111111111111111111111,0.910472457,0.910427701,-0.000044756
3PQnoT71Key3taRSnB5gjizQX9kfpPNYM8fWHUQtooNnDchHHoL1r8MsF6e6qrYXqTaEUp2mGyLJLRVHFkWirARw,3hJQ8L8XmDpgdtRbVebh3tYvMFwhtNLyc7SJBHSCfxGo,true,2026-01-28T12:36:30.000Z,kamino,Scope Price,0.000044756,true,USDT,Es9vMFrzaCERmJfrF4H2FYD4KCoNkY11McCe8BenwNYB,15135.525266,0.000001,-15135.525265
35uCJp9X4Q2W716JFygo3t9zN4RnifvkhqpnuGrG81TY2JbTQmE9wkSyNe6bo9DSW7u4ghwJ2mQdGJiuHK9PRNLn,3hJQ8L8XmDpgdtRbVebh3tYvMFwhtNLyc7SJBHSCfxGo,false,2026-01-28T12:33:11.000Z,solana,Transfer,,true,USDT,Es9vMFrzaCERmJfrF4H2FYD4KCoNkY11McCe8BenwNYB,10.889466,15135.525266,15124.6358
NqEGGLVrTy7c4fezuhsWYJvJTvTTz31kr2bxnixKkSZuEKEFSVgoftKBGEzz6W8xM7FQDjsJSWAA34GN5W8HhHz,3hJQ8L8XmDpgdtRbVebh3tYvMFwhtNLyc7SJBHSCfxGo,false,2026-01-03T03:59:12.000Z,solana,Transfer,,true,SOL,11111111111111111111111111111111,0.910462457,0.910472457,0.00001
wK22VXc2EF9bgpfAQ5wefAa43jao7pRUEG1hMAZLJTfsib3JGvwfnoWJJ4gjEpXx5DEKpCyDWyLaGZHbo5BN7Ko,3hJQ8L8XmDpgdtRbVebh3tYvMFwhtNLyc7SJBHSCfxGo,true,2026-01-03T03:58:56.000Z,solana,Transfer,0.000005,true,SOL,11111111111111111111111111111111,0.910467457,0.910462457,-0.000005
wK22VXc2EF9bgpfAQ5wefAa43jao7pRUEG1hMAZLJTfsib3JGvwfnoWJJ4gjEpXx5DEKpCyDWyLaGZHbo5BN7Ko,3hJQ8L8XmDpgdtRbVebh3tYvMFwhtNLyc7SJBHSCfxGo,true,2026-01-03T03:58:56.000Z,solana,Transfer,0.000005,true,USDT,Es9vMFrzaCERmJfrF4H2FYD4KCoNkY11McCe8BenwNYB,40010.889466,10.889466,-40000
2VWy1VuHYip5whgxfVq8qZEAac6Jg3sVKDF5brGfjJxf6CC8XJzmYGnRVFhNHRfgw3adU6Le1ykXGQ13BrPabDku,3hJQ8L8XmDpgdtRbVebh3tYvMFwhtNLyc7SJBHSCfxGo,false,2026-01-03T03:52:30.000Z,solana,Transfer,,true,SOL,11111111111111111111111111111111,0.910467456,0.910467457,1e-9
P2i2eX45ZD2aSb5wGni8J3hk3ZUVD2bHgwd4qoFZ7d2DR2T9qhRXoEwUrm549yXBcLrB52SJF8x4uBqsY32yTsw,3hJQ8L8XmDpgdtRbVebh3tYvMFwhtNLyc7SJBHSCfxGo,false,2026-01-03T03:52:30.000Z,solana,Transfer,,true,SOL,11111111111111111111111111111111,0.910467455,0.910467456,1e-9
2SwFXZ25vSRbLdKePPjABwG21f4T5Tvf6Tkv9nhCXCgNooV3AiZYyRtZ8q7Rr5AG2aD88pjjCm8jNao6BiUswVsQ,3hJQ8L8XmDpgdtRbVebh3tYvMFwhtNLyc7SJBHSCfxGo,true,2026-01-03T03:52:24.000Z,kamino,Scope Price,0.000010172,true,SOL,11111111111111111111111111111111,0.910477627,0.910467455,-0.000010172
2SwFXZ25vSRbLdKePPjABwG21f4T5Tvf6Tkv9nhCXCgNooV3AiZYyRtZ8q7Rr5AG2aD88pjjCm8jNao6BiUswVsQ,3hJQ8L8XmDpgdtRbVebh3tYvMFwhtNLyc7SJBHSCfxGo,true,2026-01-03T03:52:24.000Z,kamino,Scope Price,0.000010172,true,USDT,Es9vMFrzaCERmJfrF4H2FYD4KCoNkY11McCe8BenwNYB,10.884227,40010.889466,40000.005239
2VZgPaNGH3bsbbWgd5zgaJxoqYChCyWj1UxDjpKqAA55M4Sec5A8EedWZyxRupBXXBV9B1VBJNTFn9yUtCPszWT1,3hJQ8L8XmDpgdtRbVebh3tYvMFwhtNLyc7SJBHSCfxGo,false,2026-01-02T01:55:30.000Z,solana,Transfer,,true,SOL,11111111111111111111111111111111,0.910467627,0.910477627,0.00001
FbAK4UvzMcueaw6fioBc843EFs5HPdQQtudBZqWfDdY3JC8xqXUBUkwTdz7vhxm4wFDCk3gTBMDiAQ3j2NQcR79,3hJQ8L8XmDpgdtRbVebh3tYvMFwhtNLyc7SJBHSCfxGo,false,2026-01-02T01:55:24.000Z,solana,Transfer,,true,SOL,11111111111111111111111111111111,0.910467626,0.910467627,1e-9
4YAcgLSszBvvNYWSP4zPTVyxV3K4rDMQnXkxX4uESp3zVKkfQDobRSxxxA4MKrhEG4wqxvtTAmgomsmP7Dg72QNe,3hJQ8L8XmDpgdtRbVebh3tYvMFwhtNLyc7SJBHSCfxGo,false,2026-01-02T01:55:24.000Z,solana,Transfer,,true,SOL,11111111111111111111111111111111,0.910467625,0.910467626,1e-9
4texDzN5QmsLqNUpdMv6zqMswFm8GhoJpH4tTHZagkJixXbD5PJEswR1ZAvuvyZsAzcAtaxRJpdHSf741sQCRmoR,3hJQ8L8XmDpgdtRbVebh3tYvMFwhtNLyc7SJBHSCfxGo,true,2026-01-02T01:55:14.000Z,phantom,Transfer,0.000005,true,SOL,11111111111111111111111111111111,0.912511905,0.910467625,-0.00204428
4texDzN5QmsLqNUpdMv6zqMswFm8GhoJpH4tTHZagkJixXbD5PJEswR1ZAvuvyZsAzcAtaxRJpdHSf741sQCRmoR,3hJQ8L8XmDpgdtRbVebh3tYvMFwhtNLyc7SJBHSCfxGo,true,2026-01-02T01:55:14.000Z,phantom,Transfer,0.000005,true,PYTH,HZ1JovNiVvGrGNiiYvEozEVgZ58xaU3RKwX8eACQBCt3,231375,0,-231375
5c19Ps4tSKYQqbnZQH3kPCBuHsHDF71qWqqksLahiaoJ6iWkdKqBfm2DsUSUu2n8PkEW9EvvJ2hnzRUwk3ry2grp,3hJQ8L8XmDpgdtRbVebh3tYvMFwhtNLyc7SJBHSCfxGo,false,2026-01-01T09:59:33.000Z,solana,Transfer,,true,SOL,11111111111111111111111111111111,0.912501905,0.912511905,0.00001
3BL7FUvgdpSXqdo5aviQwpWMGXHev1DCt8vekwT1YgjPg4kX2CazY5JWE5mewg8QXNNDDyeyT43c3R1m4C8mWTeR,3hJQ8L8XmDpgdtRbVebh3tYvMFwhtNLyc7SJBHSCfxGo,false,2026-01-01T09:59:16.000Z,solana,Transfer,,true,PYTH,HZ1JovNiVvGrGNiiYvEozEVgZ58xaU3RKwX8eACQBCt3,0,231375,231375
2ZutZPzwyP8Q79qK7iYiE1GFe7MRM8orMidTwSa7TYT3gw3dN6wNGZWwM3ZqMa8BSQBrpbghZibZiZWibaQZXeea,3hJQ8L8XmDpgdtRbVebh3tYvMFwhtNLyc7SJBHSCfxGo,false,2025-12-30T08:10:12.000Z,solana,Transfer,,true,SOL,11111111111111111111111111111111,0.912491905,0.912501905,0.00001
4M6s6wSx5RvPDjn6LdUoFs3dEx6juGoypDFxuYGyH54RRna6Kj4DzopRXnPvJkZbFZuCm1Rk1xZ8FAotJiy19XbS,3hJQ8L8XmDpgdtRbVebh3tYvMFwhtNLyc7SJBHSCfxGo,true,2025-12-30T08:09:53.000Z,solana,Transfer,0.000005,true,SOL,11111111111111111111111111111111,0.912496905,0.912491905,-0.000005
4M6s6wSx5RvPDjn6LdUoFs3dEx6juGoypDFxuYGyH54RRna6Kj4DzopRXnPvJkZbFZuCm1Rk1xZ8FAotJiy19XbS,3hJQ8L8XmDpgdtRbVebh3tYvMFwhtNLyc7SJBHSCfxGo,true,2025-12-30T08:09:53.000Z,solana,Transfer,0.000005,true,USDT,Es9vMFrzaCERmJfrF4H2FYD4KCoNkY11McCe8BenwNYB,2410.884227,10.884227,-2400
4qADFJsafDEqUp56yi7hoaKxCLZyGvNxZXTxq1X1a866czfxVG5YkwDM8GUuBbDPNVD8oXTzB48QBKewmUzwWDK4,3hJQ8L8XmDpgdtRbVebh3tYvMFwhtNLyc7SJBHSCfxGo,false,2025-12-30T08:07:24.000Z,solana,Transfer,,true,SOL,11111111111111111111111111111111,0.912496904,0.912496905,1e-9
AoGTzyndNuthGBSXY2j1r7bzaj5dDEZhzAU6iEg8h1sLmUQCEFoyGbQrPXx22TX5AUCaQJ6WFXDnX9NV3oE4YPb,3hJQ8L8XmDpgdtRbVebh3tYvMFwhtNLyc7SJBHSCfxGo,false,2025-12-30T08:07:24.000Z,solana,Transfer,,true,SOL,11111111111111111111111111111111,0.912496903,0.912496904,1e-9
2JZL6bT3aUfxu5BnNXrLci71SE4nwo7mUP1s9TvC7pu4gPr5dRPiCHnpqRXNXp5X5upKQyjP7Q5tABASKVuUXgS8,3hJQ8L8XmDpgdtRbVebh3tYvMFwhtNLyc7SJBHSCfxGo,false,2025-12-30T08:07:24.000Z,solana,Transfer,,true,SOL,11111111111111111111111111111111,0.912496902,0.912496903,1e-9
3g6GEfArxDAbBES8XtL1HNiv5L5MSRCW6UzLibRL4RFmcwRSjKg2mxYRcbrSaHSnunLTe18HAjUnyWzQ7F6cjEkH,3hJQ8L8XmDpgdtRbVebh3tYvMFwhtNLyc7SJBHSCfxGo,false,2025-12-30T08:07:24.000Z,solana,Transfer,,true,SOL,11111111111111111111111111111111,0.912496901,0.912496902,1e-9
3gEYxwWQHRXXwJ8mf4QuGk7tJcisp3Cj54jwLVnKhT1b82jUr6n8gmQaokJ1RpuYBQCwJhnzZ4duNyyn6FXSJeXK,3hJQ8L8XmDpgdtRbVebh3tYvMFwhtNLyc7SJBHSCfxGo,true,2025-12-30T08:07:15.000Z,kamino,Scope Price,0.000011656,true,SOL,11111111111111111111111111111111,0.912508557,0.912496901,-0.000011656
3gEYxwWQHRXXwJ8mf4QuGk7tJcisp3Cj54jwLVnKhT1b82jUr6n8gmQaokJ1RpuYBQCwJhnzZ4duNyyn6FXSJeXK,3hJQ8L8XmDpgdtRbVebh3tYvMFwhtNLyc7SJBHSCfxGo,true,2025-12-30T08:07:15.000Z,kamino,Scope Price,0.000011656,true,USDT,Es9vMFrzaCERmJfrF4H2FYD4KCoNkY11McCe8BenwNYB,10.883588,2410.884227,2400.000639
3WKDy2ujKCTdcNatiYeiz8PhvAc1VMzzK7zvG9As5pt471M7uCiiCWGpu78hUoAweyQVBjkE4X27taxM3hBqY5V3,3hJQ8L8XmDpgdtRbVebh3tYvMFwhtNLyc7SJBHSCfxGo,false,2025-12-28T11:29:33.000Z,solana,Transfer,,true,SOL,11111111111111111111111111111111,0.912498557,0.912508557,0.00001
5XxCDWEWk5U14xBFck9rUcnkN7QrWk9XD5S35EMvsaSFzygMZWG79dtEgZYrbYLeQ47ZpSJYE4WRs1Ly928CEiz8,3hJQ8L8XmDpgdtRbVebh3tYvMFwhtNLyc7SJBHSCfxGo,true,2025-12-28T11:29:15.000Z,solana,Transfer,0.000005,true,SOL,11111111111111111111111111111111,0.912503557,0.912498557,-0.000005
5XxCDWEWk5U14xBFck9rUcnkN7QrWk9XD5S35EMvsaSFzygMZWG79dtEgZYrbYLeQ47ZpSJYE4WRs1Ly928CEiz8,3hJQ8L8XmDpgdtRbVebh3tYvMFwhtNLyc7SJBHSCfxGo,true,2025-12-28T11:29:15.000Z,solana,Transfer,0.000005,true,USDT,Es9vMFrzaCERmJfrF4H2FYD4KCoNkY11McCe8BenwNYB,15010.883588,10.883588,-15000
4QAoNqHy5TJqMAALNBPvfVmXJaoKsafaQogHdje3FpoMYWKoSgMayCP5hGJg7PEdjtE77U5NqD62iVbHYBXVjGfz,3hJQ8L8XmDpgdtRbVebh3tYvMFwhtNLyc7SJBHSCfxGo,true,2025-12-28T11:27:38.000Z,kamino,Scope Price,0.000026963,true,SOL,11111111111111111111111111111111,0.91253052,0.912503557,-0.000026963
4QAoNqHy5TJqMAALNBPvfVmXJaoKsafaQogHdje3FpoMYWKoSgMayCP5hGJg7PEdjtE77U5NqD62iVbHYBXVjGfz,3hJQ8L8XmDpgdtRbVebh3tYvMFwhtNLyc7SJBHSCfxGo,true,2025-12-28T11:27:38.000Z,kamino,Scope Price,0.000026963,true,USDT,Es9vMFrzaCERmJfrF4H2FYD4KCoNkY11McCe8BenwNYB,10.88004,15010.883588,15000.003548
3D2bzhabqMRX7h3p89aYZ7ZqH8dMnxzRLDERXSoET5EuxJqsKu4ReUX9CCBtki8paW6CU8hUKTEaDNiEKWX3nJiv,3hJQ8L8XmDpgdtRbVebh3tYvMFwhtNLyc7SJBHSCfxGo,false,2025-12-23T02:35:08.000Z,solana,Transfer,,true,SOL,11111111111111111111111111111111,0.91252052,0.91253052,0.00001
43yY3v6gfJNmJCMCGbFrTEYc65W5LeQodt9x3GEx8XP6qQS4z86LpdD6XQCqLNK6WT1K1c3HwY1g6htc5rpUivbi,3hJQ8L8XmDpgdtRbVebh3tYvMFwhtNLyc7SJBHSCfxGo,true,2025-12-23T02:34:48.000Z,solana,Transfer,0.000005,true,SOL,11111111111111111111111111111111,0.91252552,0.91252052,-0.000005
43yY3v6gfJNmJCMCGbFrTEYc65W5LeQodt9x3GEx8XP6qQS4z86LpdD6XQCqLNK6WT1K1c3HwY1g6htc5rpUivbi,3hJQ8L8XmDpgdtRbVebh3tYvMFwhtNLyc7SJBHSCfxGo,true,2025-12-23T02:34:48.000Z,solana,Transfer,0.000005,true,USDT,Es9vMFrzaCERmJfrF4H2FYD4KCoNkY11McCe8BenwNYB,210.88004,10.88004,-200
3XJBtgyr5GdNdruW8F9mZWrMxWCTUxiFnp7T1L1Gt4ySxPfVLacm6QxsCpRTJw8XVptgTSwGPUnvBJZXpLnWECQC,3hJQ8L8XmDpgdtRbVebh3tYvMFwhtNLyc7SJBHSCfxGo,false,2025-12-23T02:33:50.000Z,solana,Transfer,,true,SOL,11111111111111111111111111111111,0.912525519,0.91252552,1e-9
2qzA9QHyr6CSr6KAS1MCx6RN7PLhA3BCg1YT3A4ef3LCTMFU14Uym9XDxAyuo9JjTPkk625JYGZ2bjTMkagNAzvo,3hJQ8L8XmDpgdtRbVebh3tYvMFwhtNLyc7SJBHSCfxGo,false,2025-12-23T02:33:50.000Z,solana,Transfer,,true,SOL,11111111111111111111111111111111,0.912525518,0.912525519,1e-9
4C8fTBGpHkHr4qgr5e5TpBd3zmX3ZxyHn6AAxytcb59MgHmPDXjdNcvvtRKeYSFUfReJujvfiZ4fW9ZaFxyvACJd,3hJQ8L8XmDpgdtRbVebh3tYvMFwhtNLyc7SJBHSCfxGo,true,2025-12-23T02:33:48.000Z,kamino,Scope Price,0.000010731,true,SOL,11111111111111111111111111111111,0.912536249,0.912525518,-0.000010731
4C8fTBGpHkHr4qgr5e5TpBd3zmX3ZxyHn6AAxytcb59MgHmPDXjdNcvvtRKeYSFUfReJujvfiZ4fW9ZaFxyvACJd,3hJQ8L8XmDpgdtRbVebh3tYvMFwhtNLyc7SJBHSCfxGo,true,2025-12-23T02:33:48.000Z,kamino,Scope Price,0.000010731,true,USDT,Es9vMFrzaCERmJfrF4H2FYD4KCoNkY11McCe8BenwNYB,0.000001,210.88004,210.880039
5xEqYDrq8tdtJv1uCkucfFtn64VeXiJMJqx3nhjRcAhVhbyV4GQjqF75WLiSBUby5roQxFceJfmmfvpfMpxCBkCS,3hJQ8L8XmDpgdtRbVebh3tYvMFwhtNLyc7SJBHSCfxGo,false,2025-12-19T09:16:36.000Z,solana,Transfer,,true,SOL,11111111111111111111111111111111,0.912536248,0.912536249,1e-9
2gVEuMxdh66HHKWAhcpw5qhQBfG4J9SuXHEcUsrUpWD59iz8vbuspXoGokUFo2r8A4odgUFzykLmy3QhhitjbGfz,3hJQ8L8XmDpgdtRbVebh3tYvMFwhtNLyc7SJBHSCfxGo,false,2025-12-19T09:16:36.000Z,solana,Transfer,,true,SOL,11111111111111111111111111111111,0.912536247,0.912536248,1e-9
25X1aLundfKgtdZc8ZvVsFv7Dmh4vKEQ9vr2qTYx3Noqaj9q2MmWQBtuC6oqreg635JoUVJNjsPGSVhMW7Z54FiD,3hJQ8L8XmDpgdtRbVebh3tYvMFwhtNLyc7SJBHSCfxGo,false,2025-12-19T09:16:36.000Z,solana,Transfer,,true,SOL,11111111111111111111111111111111,0.912536246,0.912536247,1e-9
YXWC7Jubf47df78dVEVX9CGwxB8S9sYtvjF6nEwj84nohCSexdM38uKAh7ownXpHaapwmpk83CmgLcGFXhesss5,3hJQ8L8XmDpgdtRbVebh3tYvMFwhtNLyc7SJBHSCfxGo,false,2025-12-19T09:16:36.000Z,solana,Transfer,,true,SOL,11111111111111111111111111111111,0.912536245,0.912536246,1e-9
75MH4NP2JBZoDuhcJbgRhwuYsG3qePSdsTp4Cq2Qn7ntSzoXKoiWxa9W8poXt6HJDgJUDFkDNjdv8smjW4o2jqK,3hJQ8L8XmDpgdtRbVebh3tYvMFwhtNLyc7SJBHSCfxGo,false,2025-12-19T09:16:36.000Z,solana,Transfer,,true,SOL,11111111111111111111111111111111,0.912536244,0.912536245,1e-9
5r92cix6t3KYZJ3P7eCWAjqrin7n8pHttHMex1jAGqQHoAvNWNqMsSxNzu64MsbwY86jratTF8hgxcXya7hMsSo6,3hJQ8L8XmDpgdtRbVebh3tYvMFwhtNLyc7SJBHSCfxGo,true,2025-12-19T09:16:26.000Z,kamino,Scope Price,0.000022378,true,SOL,11111111111111111111111111111111,0.912558622,0.912536244,-0.000022378
5r92cix6t3KYZJ3P7eCWAjqrin7n8pHttHMex1jAGqQHoAvNWNqMsSxNzu64MsbwY86jratTF8hgxcXya7hMsSo6,3hJQ8L8XmDpgdtRbVebh3tYvMFwhtNLyc7SJBHSCfxGo,true,2025-12-19T09:16:26.000Z,kamino,Scope Price,0.000022378,true,USDT,Es9vMFrzaCERmJfrF4H2FYD4KCoNkY11McCe8BenwNYB,23534.853607,0.000001,-23534.853606
5jkSHReqMYq45pQZSfptnjQdA5yWrAjYHWLwpMyKNahUqAyhqEqwvtXbnzBkeQiLQku1r6Vv5fj5UUKAWsYX2RB3,3hJQ8L8XmDpgdtRbVebh3tYvMFwhtNLyc7SJBHSCfxGo,false,2025-12-19T08:51:09.000Z,,,,true,USDT,Es9vMFrzaCERmJfrF4H2FYD4KCoNkY11McCe8BenwNYB,23534.853407,23534.853607,0.00020000000222353265
SEPiLCVqbHhjtu2gZyLWDVPVfeL8hatnVtMGm1UyoURj7qWnrs7Vh4RSZRoiygqx2jpQ62uHk7VT2W7C8GZ6NtS,3hJQ8L8XmDpgdtRbVebh3tYvMFwhtNLyc7SJBHSCfxGo,false,2025-12-19T08:49:06.000Z,solana,Transfer,,true,SOL,11111111111111111111111111111111,0.912548622,0.912558622,0.00001
2NRi6HGyCz2u89Ne93mtyXMGdVkSGMhZbzeFBgaso7piEv4DqwuwpTPkMLQkgAtQdgfxZreAsfKMyniUirgYL1mE,3hJQ8L8XmDpgdtRbVebh3tYvMFwhtNLyc7SJBHSCfxGo,false,2025-12-19T08:49:05.000Z,solana,Transfer,,true,USDT,Es9vMFrzaCERmJfrF4H2FYD4KCoNkY11McCe8BenwNYB,23534.852407,23534.853407,0.0010000000002037268
quvee5KjfnR8zC6yvHYgDpnV1H535qGGDckXCQF776zm2dwekdojTBL8NzWomR1fFJAX6DrtDw3Sah8BdGWFBri,3hJQ8L8XmDpgdtRbVebh3tYvMFwhtNLyc7SJBHSCfxGo,false,2025-12-19T08:48:49.000Z,,,,true,USDT,Es9vMFrzaCERmJfrF4H2FYD4KCoNkY11McCe8BenwNYB,23534.852207,23534.852407,0.00019999999858555384
3YMp2HGsJctHciZrXth3y9TrdTJtcTQnwVc6yRJLc1iFy7YCXefSstB4f89YZpEizucMr9qMUS2SHkkTdSfRMhpf,3hJQ8L8XmDpgdtRbVebh3tYvMFwhtNLyc7SJBHSCfxGo,true,2025-12-19T08:48:48.000Z,phantom,Transfer,0.000005,true,SOL,11111111111111111111111111111111,0.914592902,0.912548622,-0.00204428
3YMp2HGsJctHciZrXth3y9TrdTJtcTQnwVc6yRJLc1iFy7YCXefSstB4f89YZpEizucMr9qMUS2SHkkTdSfRMhpf,3hJQ8L8XmDpgdtRbVebh3tYvMFwhtNLyc7SJBHSCfxGo,true,2025-12-19T08:48:48.000Z,phantom,Transfer,0.000005,true,USDT,Es9vMFrzaCERmJfrF4H2FYD4KCoNkY11McCe8BenwNYB,25534.852207,23534.852207,-2000
2jNcKn9Agpv78rVBHgy2CTFEupvkBfjAMdC1ara3FutLffZtzdZYxxqKcnxy2X1qT2KScPVEXYWDt3DefTUPNHT,3hJQ8L8XmDpgdtRbVebh3tYvMFwhtNLyc7SJBHSCfxGo,true,2025-12-19T08:35:40.000Z,jupiter-exchange,JupiterZ,0.000010252,true,PYTH,HZ1JovNiVvGrGNiiYvEozEVgZ58xaU3RKwX8eACQBCt3,402058,0,-402058
2jNcKn9Agpv78rVBHgy2CTFEupvkBfjAMdC1ara3FutLffZtzdZYxxqKcnxy2X1qT2KScPVEXYWDt3DefTUPNHT,3hJQ8L8XmDpgdtRbVebh3tYvMFwhtNLyc7SJBHSCfxGo,true,2025-12-19T08:35:40.000Z,jupiter-exchange,JupiterZ,0.000010252,true,USDT,Es9vMFrzaCERmJfrF4H2FYD4KCoNkY11McCe8BenwNYB,2853.253528,25534.852207,22681.598679
tVEUucn7HQpZHnjh2nPTx3H2USiPpHbdTVR4MHtvX8QJWTZA6FmdTjpQygjeyCNoaJhsC4UAEdB6n9ENwo8iiWa,3hJQ8L8XmDpgdtRbVebh3tYvMFwhtNLyc7SJBHSCfxGo,false,2025-12-19T08:34:41.000Z,solana,Transfer,,true,SOL,11111111111111111111111111111111,0.914592901,0.914592902,1e-9
61ZuCLQRZTRY8j6jjjCh1DfnETL4BBgbTmMPQXj91XXZG8P5emUcySv1F8gXqZx2XCuq6waNC5rPqqZrKvBti2fj,3hJQ8L8XmDpgdtRbVebh3tYvMFwhtNLyc7SJBHSCfxGo,false,2025-12-19T08:34:41.000Z,solana,Transfer,,true,SOL,11111111111111111111111111111111,0.9145929,0.914592901,1e-9
xfxHNJMmJ6bqRQ2rUK1EYhpCKAVrGyVyw5ugfLbcdKvRd7up1bqCT9iXT4biC7cmUxZEMjtDnS33GbuquZp3qTW,3hJQ8L8XmDpgdtRbVebh3tYvMFwhtNLyc7SJBHSCfxGo,true,2025-12-19T08:34:33.000Z,kamino,Swap,0.000012254,true,SOL,11111111111111111111111111111111,0.914605154,0.9145929,-0.000012254
xfxHNJMmJ6bqRQ2rUK1EYhpCKAVrGyVyw5ugfLbcdKvRd7up1bqCT9iXT4biC7cmUxZEMjtDnS33GbuquZp3qTW,3hJQ8L8XmDpgdtRbVebh3tYvMFwhtNLyc7SJBHSCfxGo,true,2025-12-19T08:34:33.000Z,kamino,Swap,0.000012254,true,PYTH,HZ1JovNiVvGrGNiiYvEozEVgZ58xaU3RKwX8eACQBCt3,452058,402058,-50000
xfxHNJMmJ6bqRQ2rUK1EYhpCKAVrGyVyw5ugfLbcdKvRd7up1bqCT9iXT4biC7cmUxZEMjtDnS33GbuquZp3qTW,3hJQ8L8XmDpgdtRbVebh3tYvMFwhtNLyc7SJBHSCfxGo,true,2025-12-19T08:34:33.000Z,kamino,Swap,0.000012254,true,USDT,Es9vMFrzaCERmJfrF4H2FYD4KCoNkY11McCe8BenwNYB,50.818852,2853.253528,2802.4346760000003
ZGCzQ53GksBov8bEVNUm6dPngFs4ougAymC35xaoXdZqKHSVCD8a5jwkJExfXw2QqqF1R5oVraVN3ohi452p98c,3hJQ8L8XmDpgdtRbVebh3tYvMFwhtNLyc7SJBHSCfxGo,false,2025-12-03T06:17:24.000Z,solana,Transfer,,true,SOL,11111111111111111111111111111111,0.914595154,0.914605154,0.00001
3Ch21efaiDytZQuYgBhe3aZbL1gfyM1fmtnq8XdTVjEzHr2Q61FFZcd7MdunHFi13QptM8EHc6mwgjqTgBdA7qQM,3hJQ8L8XmDpgdtRbVebh3tYvMFwhtNLyc7SJBHSCfxGo,false,2025-12-03T06:17:19.000Z,solana,Transfer,,true,SOL,11111111111111111111111111111111,0.914585154,0.914595154,0.00001
ijArE2uAtkt588waKFGoZyLU1H2YB2nHed7QyFVJ4XFVTsTGMECEAT3Rs8Nb1zNwsSudwDL5jkTj9wtAY8Fxuf2,3hJQ8L8XmDpgdtRbVebh3tYvMFwhtNLyc7SJBHSCfxGo,false,2025-12-03T06:17:12.000Z,solana,Transfer,,true,SOL,11111111111111111111111111111111,0.914585152,0.914585154,2e-9
4hQCVLiaA6GD4sQLsxwG8dd3eF58FF4Y6huevxAKSWhYHiZ2PcvzjP7kR5CXrDakbmEdDrS5WgNt7DHy4JGwFaWT,3hJQ8L8XmDpgdtRbVebh3tYvMFwhtNLyc7SJBHSCfxGo,false,2025-12-03T06:17:12.000Z,solana,Transfer,,true,SOL,11111111111111111111111111111111,0.914585148,0.914585152,4e-9
2Ce5LWwfxQu1yLQ3MwXLXqQaBfYkhMYfaZ85z66FRXMprMaTyzKsEw6nc29PXNKE3hk1GXTp2uxAiDREFx2f16t6,3hJQ8L8XmDpgdtRbVebh3tYvMFwhtNLyc7SJBHSCfxGo,false,2025-12-03T06:17:12.000Z,solana,Transfer,,true,SOL,11111111111111111111111111111111,0.914585142,0.914585148,6e-9
5RP4v21SvffAD2iXKA98m9MjqG3FX6mMiD1uFqJaNw6K4CZ2G8wEyJSC9zKFzAmpv8qnCQWEu865YW5JfBf6tiCy,3hJQ8L8XmDpgdtRbVebh3tYvMFwhtNLyc7SJBHSCfxGo,false,2025-12-03T06:03:46.000Z,solana,Transfer,,true,SOL,11111111111111111111111111111111,0.914575142,0.914585142,0.00001
3BEFmNdC5gPuULjeiLhaGG6KCZFNHfqBnaD5LjumWqjaiXRQn8q2bBwuVbzMsXpbNuuSPpPGmTRWRWSDTYW7Nik2,3hJQ8L8XmDpgdtRbVebh3tYvMFwhtNLyc7SJBHSCfxGo,false,2025-12-03T06:03:37.000Z,solana,Transfer,,true,PYTH,HZ1JovNiVvGrGNiiYvEozEVgZ58xaU3RKwX8eACQBCt3,1,452058,452057
4fA19FsPiNuiu2NiPMRmigiRpFNmG2DSeraN4NVuoensMMrgj3VPtjPb3XLXmTpyBuseNCLuXtEym9hNToa4jYpe,3hJQ8L8XmDpgdtRbVebh3tYvMFwhtNLyc7SJBHSCfxGo,false,2025-12-03T06:03:21.000Z,solana,Transfer,,true,SOL,11111111111111111111111111111111,0.914565142,0.914575142,0.00001
4ZtBT1RpwkU7WbemYnwG86CZdWFP9pWJVFipNdYTD2uNYuanmft93cDTD44s12M25N5dmWkmNCNDEN5UyrG38uXR,3hJQ8L8XmDpgdtRbVebh3tYvMFwhtNLyc7SJBHSCfxGo,false,2025-12-03T06:03:15.000Z,solana,Transfer,,true,SOL,11111111111111111111111111111111,0.914565138,0.914565142,4e-9
324Um65RuggAdwZnDAVxmDxy8Pd9wChgHKp7vR6jPzFGbuw9WAX3rZY6B2ey7eCErFQPdm3knnaUfrPfvN6RtBi5,3hJQ8L8XmDpgdtRbVebh3tYvMFwhtNLyc7SJBHSCfxGo,false,2025-12-03T06:03:15.000Z,solana,Transfer,,true,SOL,11111111111111111111111111111111,0.914565132,0.914565138,6e-9
63p8mvt9DcrhZ8Bsvyti7kveRXQ4xuBEw4pefRjBYc7jzpYBBwGViodBpgSPnAFYcxmdDomQk4RaDruv3iswd3Ks,3hJQ8L8XmDpgdtRbVebh3tYvMFwhtNLyc7SJBHSCfxGo,false,2025-12-03T06:03:15.000Z,solana,Transfer,,true,SOL,11111111111111111111111111111111,0.91456513,0.914565132,2e-9
3iBdFNnkiqvEVmmRxaf5MzD6V8eogiQzii521NBUFqk7MxsgJCFFnyN8z7UHumSU7BHHk9b6ZHuHS9NXmb5RqUdL,3hJQ8L8XmDpgdtRbVebh3tYvMFwhtNLyc7SJBHSCfxGo,false,2025-12-03T06:01:07.000Z,solana,Transfer,,true,PYTH,HZ1JovNiVvGrGNiiYvEozEVgZ58xaU3RKwX8eACQBCt3,0,1,1
3kxzziZz4AX1z6LSnFwaeKr2DA3vh9fc1wEBZF7a347tXW6cZdjixfn1PfyjQPbTQ8WuYv3JNDrcNGLvySSGPmCY,3hJQ8L8XmDpgdtRbVebh3tYvMFwhtNLyc7SJBHSCfxGo,false,2025-11-29T15:44:06.000Z,solana,Transfer,,true,SOL,11111111111111111111111111111111,0.91455513,0.91456513,0.00001
5xJxAQ5YC5GibuxRAbukqdwHw4vaPKuCJPwSNBF2GGmxKBfJtVq5MA5UueyfUSGYv6S5LHmVa4anXy2mrCidY66t,3hJQ8L8XmDpgdtRbVebh3tYvMFwhtNLyc7SJBHSCfxGo,false,2025-11-29T15:44:05.000Z,,,,true,USDT,Es9vMFrzaCERmJfrF4H2FYD4KCoNkY11McCe8BenwNYB,50.818851,50.818852,9.999999974752427e-7
5ikGVxNNxJ82NPXGXygRJU3JvXsXZpHjNDgFRXci8jcrfg45dCgakmbTZ5vWXAJZFKjqt2ATzj3nQYL4mYxPPXgC,3hJQ8L8XmDpgdtRbVebh3tYvMFwhtNLyc7SJBHSCfxGo,false,2025-11-29T15:43:58.000Z,solana,Transfer,,true,SOL,11111111111111111111111111111111,0.914555124,0.91455513,6e-9
4W6Zd2hqgmvgHt8SVftKxF6gLVmYQxp6iXmHpgJmNM5BpGuWNUvuQBQzqnoJ1UyrLyfQTHRsQGGPdyBTT2rYjeip,3hJQ8L8XmDpgdtRbVebh3tYvMFwhtNLyc7SJBHSCfxGo,false,2025-11-29T15:43:58.000Z,solana,Transfer,,true,SOL,11111111111111111111111111111111,0.91455512,0.914555124,4e-9
4gwsKuEDrnuM19YgPTqFoVpdxCuQgHYNBNGTtGrPD3WRY571ZSVjWg5v6hdFzyGCopb9H25d8UocpTNB2QXTRHZj,3hJQ8L8XmDpgdtRbVebh3tYvMFwhtNLyc7SJBHSCfxGo,false,2025-11-29T15:43:58.000Z,solana,Transfer,,true,SOL,11111111111111111111111111111111,0.914555118,0.91455512,2e-9
35h8pBad7cUqm1CxgGgiKw81oKuLKFoMDyaUmHo3wdK8Cr93XAKnXLcGT2MqQ6VuzBND37uMrCh8B4uCcuMBivLy,3hJQ8L8XmDpgdtRbVebh3tYvMFwhtNLyc7SJBHSCfxGo,false,2025-11-29T15:42:02.000Z,solana,Transfer,,true,SOL,11111111111111111111111111111111,0.914555117,0.914555118,1e-9
25yn84QTi1fqDaHKrnp6uk2HtQWLVwKTbzQg4oe7QMUtbsBrZNGuvzd9sMjCkJDhH6SHQiBdvRtEGN5AJdouyPp9,3hJQ8L8XmDpgdtRbVebh3tYvMFwhtNLyc7SJBHSCfxGo,false,2025-11-29T15:41:35.000Z,solana,Transfer,,true,SOL,11111111111111111111111111111111,0.914555116,0.914555117,1e-9
45etomcrZmrmALRaBtiPRsry7S3fP7DV9WNKMh8Qt7TKg7NEKWvSURTXqo34nbxTxcSVSEXVU7YUpc1611SURcqf,3hJQ8L8XmDpgdtRbVebh3tYvMFwhtNLyc7SJBHSCfxGo,false,2025-11-29T15:41:35.000Z,solana,Transfer,,true,SOL,11111111111111111111111111111111,0.914555115,0.914555116,1e-9
3kF7rFBWpAUmv2nGv7JAfEsBMnxjDFczdHxAFYJBUk4YZmmFyTYJWbyUFNevk9Th4fNgrCKws3HJdUer23Pfi6Hg,3hJQ8L8XmDpgdtRbVebh3tYvMFwhtNLyc7SJBHSCfxGo,false,2025-11-29T15:41:31.000Z,solana,Transfer,,true,SOL,11111111111111111111111111111111,0.914545115,0.914555115,0.00001
U1EHzhLmQjxSmTfWRr1UNgVQV6eGZ5D6vzT1KamCFibkiyRqtgvGHbkJMdXhCo3hPJWnxdzudGvwp6Q7bKoCVWo,3hJQ8L8XmDpgdtRbVebh3tYvMFwhtNLyc7SJBHSCfxGo,true,2025-11-29T15:41:24.000Z,solana,Transfer,0.000005,true,SOL,11111111111111111111111111111111,0.914550115,0.914545115,-0.000005
U1EHzhLmQjxSmTfWRr1UNgVQV6eGZ5D6vzT1KamCFibkiyRqtgvGHbkJMdXhCo3hPJWnxdzudGvwp6Q7bKoCVWo,3hJQ8L8XmDpgdtRbVebh3tYvMFwhtNLyc7SJBHSCfxGo,true,2025-11-29T15:41:24.000Z,solana,Transfer,0.000005,true,USDT,Es9vMFrzaCERmJfrF4H2FYD4KCoNkY11McCe8BenwNYB,11050.818851,50.818851,-11000
2mY1pMd1nbwTkAY5mz1vXjQRQ9E6Gie5kKahkiTwF84spR7Uxksn9XsUbrzsLJGm3t9A4zYG7hXiUm2ZFgvhBxLF,3hJQ8L8XmDpgdtRbVebh3tYvMFwhtNLyc7SJBHSCfxGo,false,2025-11-29T15:40:16.000Z,solana,Transfer,,true,SOL,11111111111111111111111111111111,0.914550114,0.914550115,1e-9
4tMPbF8ZUQEzfcW9uU5PUvxNPsUyHe5WmxmjXk26RUSGHLgSNSCHPb8Hw1Fnt7JTjfpk3UndgRaojN8QitHBMBH7,3hJQ8L8XmDpgdtRbVebh3tYvMFwhtNLyc7SJBHSCfxGo,false,2025-11-29T15:40:16.000Z,solana,Transfer,,true,SOL,11111111111111111111111111111111,0.914550113,0.914550114,1e-9
TjEt2w8u94yUZqA57SBGbbsyXhAunwsTCTVWfReiWpWB2f4rStsKHjA4AYshE8WbCqnv5DwA4mEasQ43ZRdezzF,3hJQ8L8XmDpgdtRbVebh3tYvMFwhtNLyc7SJBHSCfxGo,false,2025-11-29T15:40:11.000Z,solana,Transfer,,true,SOL,11111111111111111111111111111111,0.914550112,0.914550113,1e-9
3QgAcV9QTH3o7Bf9JXx4VySNVbqQvg4BJU7KHMjxt99n1S8NXsRC2k8a1zLtA69oh8WyVySS5GuS6JPYZj2PPMg,3hJQ8L8XmDpgdtRbVebh3tYvMFwhtNLyc7SJBHSCfxGo,true,2025-11-29T15:40:08.000Z,kamino,Scope Price,0.000012857,true,SOL,11111111111111111111111111111111,0.914562969,0.914550112,-0.000012857
3QgAcV9QTH3o7Bf9JXx4VySNVbqQvg4BJU7KHMjxt99n1S8NXsRC2k8a1zLtA69oh8WyVySS5GuS6JPYZj2PPMg,3hJQ8L8XmDpgdtRbVebh3tYvMFwhtNLyc7SJBHSCfxGo,true,2025-11-29T15:40:08.000Z,kamino,Scope Price,0.000012857,true,USDT,Es9vMFrzaCERmJfrF4H2FYD4KCoNkY11McCe8BenwNYB,1050.818369,11050.818851,10000.000482
5WwZP1eJY8tGSsiynpQLZRhJvd4wgPE43Hxd2nh4FTpKcezWKkEx4qgG13urCBpNFNrPq3F8AMJ8EwpTVcqVHvjP,3hJQ8L8XmDpgdtRbVebh3tYvMFwhtNLyc7SJBHSCfxGo,false,2025-11-26T12:59:31.000Z,solana,Transfer,,true,SOL,11111111111111111111111111111111,0.914562968,0.914562969,1e-9
3Lu3LqdZ8nPe653hVMYK2WB4di3dhspLbx5WhS1gWoBaAjEGqHL2nMY9oE1zWoqM9Lu7QhUZC2sigLEq6JkrD2QR,3hJQ8L8XmDpgdtRbVebh3tYvMFwhtNLyc7SJBHSCfxGo,false,2025-11-26T12:57:39.000Z,solana,Transfer,,true,SOL,11111111111111111111111111111111,0.914562967,0.914562968,1e-9
3YCt88Hzfd8TW1AbxAjev1JXpMxySFYu7SSeKvMYjqk6H8wPRoHYGTcWwYZGm1ebfBBsX2sU3bLwV7wGu5WKSHMP,3hJQ8L8XmDpgdtRbVebh3tYvMFwhtNLyc7SJBHSCfxGo,false,2025-11-26T12:55:32.000Z,solana,Transfer,,true,SOL,11111111111111111111111111111111,0.914552967,0.914562967,0.00001
3rfJQ5PPG7fa4RmviwvX1PYuipyfc7u5baGm5NbVkAanzqnpJuGTYF8RdkLn5B3jtoQkZMRjyywqfXT1nMoo4F7S,3hJQ8L8XmDpgdtRbVebh3tYvMFwhtNLyc7SJBHSCfxGo,false,2025-11-26T12:55:26.000Z,,,,true,USDT,Es9vMFrzaCERmJfrF4H2FYD4KCoNkY11McCe8BenwNYB,1050.818067,1050.818369,0.000302000000147018
2Am39Q56aRZK6eYkqbW81wjmMgZW4WgihtdLaQEE57gKh57zqKhdi6AyopsZkrfnjvf5edGX7SKFA4eBibscBeyW,3hJQ8L8XmDpgdtRbVebh3tYvMFwhtNLyc7SJBHSCfxGo,true,2025-11-26T12:55:25.000Z,solana,Transfer,0.000005,true,SOL,11111111111111111111111111111111,0.914557967,0.914552967,-0.000005
2Am39Q56aRZK6eYkqbW81wjmMgZW4WgihtdLaQEE57gKh57zqKhdi6AyopsZkrfnjvf5edGX7SKFA4eBibscBeyW,3hJQ8L8XmDpgdtRbVebh3tYvMFwhtNLyc7SJBHSCfxGo,true,2025-11-26T12:55:25.000Z,solana,Transfer,0.000005,true,USDT,Es9vMFrzaCERmJfrF4H2FYD4KCoNkY11McCe8BenwNYB,1352.818067,1050.818067,-302
5wUniwfPkBn4ZSqgJJx6MTnFb23ucfwFx669d669uqKwnUhL1y7GC7oF6EhbLA3jbYH6qQTAJTA3BLGJgWd1a2x6,3hJQ8L8XmDpgdtRbVebh3tYvMFwhtNLyc7SJBHSCfxGo,false,2025-11-21T14:04:02.000Z,solana,Transfer,,true,USDT,Es9vMFrzaCERmJfrF4H2FYD4KCoNkY11McCe8BenwNYB,0,1352.818067,1352.818067
rXAhc7VTGqM67Apde7bzCCzRxVWWgrNu48u6DwHtSDikwLVPSXxqqeL5VzuWG6nKTtf8bcoivXycSKTybKFU5xo,3hJQ8L8XmDpgdtRbVebh3tYvMFwhtNLyc7SJBHSCfxGo,false,2025-11-21T07:13:29.000Z,solana,Transfer,,true,SOL,11111111111111111111111111111111,0.914557966,0.914557967,1e-9
4yhR1D25sRz6F4GSWqyYsCLGPGEkUxg3pGXDbEFjFvVpjUehdjLuyTFfa6ZPb9VemD5k8KmZPXHr8K3rw2vVMQxT,3hJQ8L8XmDpgdtRbVebh3tYvMFwhtNLyc7SJBHSCfxGo,false,2025-11-21T07:12:15.000Z,solana,Transfer,,true,SOL,11111111111111111111111111111111,0.914557965,0.914557966,1e-9
25dCZW35H5D7gvwEo11KXkNLKwxbXfcPrfyXVtR8cguAEdTJe7kJeGD2seof6prBDmaLKyAd57rts3FZpbyqUPb2,3hJQ8L8XmDpgdtRbVebh3tYvMFwhtNLyc7SJBHSCfxGo,false,2025-11-21T07:03:28.000Z,solana,Transfer,,true,SOL,11111111111111111111111111111111,0.914557964,0.914557965,1e-9
3ob6LDp9o8ZPHGbtKzgRniKjRwPL9AAnWkzCNwqcUZe1iMddiBZiwvVQE5EU863vHVumfqJ7tQucNfs2LUidFbE,3hJQ8L8XmDpgdtRbVebh3tYvMFwhtNLyc7SJBHSCfxGo,false,2025-11-21T07:02:14.000Z,solana,Transfer,,true,SOL,11111111111111111111111111111111,0.914557963,0.914557964,1e-9
wPjhBk665TkF2sEJPFgZTLWDPX5b6DBx3thnuL3HncdKXaVhmQq64j5m1HXNwTyNvTSkKKL8XoQaWSdmrfdXdEV,3hJQ8L8XmDpgdtRbVebh3tYvMFwhtNLyc7SJBHSCfxGo,true,2025-11-21T07:01:57.000Z,kamino,Scope Price,0.00001652,true,SOL,11111111111111111111111111111111,0.914574483,0.914557963,-0.00001652
wPjhBk665TkF2sEJPFgZTLWDPX5b6DBx3thnuL3HncdKXaVhmQq64j5m1HXNwTyNvTSkKKL8XoQaWSdmrfdXdEV,3hJQ8L8XmDpgdtRbVebh3tYvMFwhtNLyc7SJBHSCfxGo,true,2025-11-21T07:01:57.000Z,kamino,Scope Price,0.00001652,true,USDT,Es9vMFrzaCERmJfrF4H2FYD4KCoNkY11McCe8BenwNYB,60301.355298,0,-60301.355298
4PxpjjvCCPZxvQEgDrpfT55YUcQVPkmZPNCw6fmNtc4SwNWhBK8eHtJ8Ca8WU2KXHNJosfkp5xnMRzSrhEMCiKfD,3hJQ8L8XmDpgdtRbVebh3tYvMFwhtNLyc7SJBHSCfxGo,false,2025-11-21T07:01:17.000Z,solana,Transfer,,true,SOL,11111111111111111111111111111111,0.914574482,0.914574483,1e-9
34CSjzh1NvhTDL5yvwfrVkqdm6n7bxpLDRncYwnFNHWdrDwoo45WKdicHnYikvCr1xpXaYaPcBhoc9ZohdpMrc95,3hJQ8L8XmDpgdtRbVebh3tYvMFwhtNLyc7SJBHSCfxGo,false,2025-11-21T07:01:08.000Z,,,,true,SOL,11111111111111111111111111111111,0.914574481,0.914574482,1e-9
4XHBx9ArUAFBC5S6BBQnHaSYTuSa48om1hDgSQu2qwF2QN3zWkW1tgqkdnpLFU4H3LVzzdbAAZXrCDPjQZRefkw4,3hJQ8L8XmDpgdtRbVebh3tYvMFwhtNLyc7SJBHSCfxGo,false,2025-11-21T07:01:07.000Z,solana,Transfer,,true,SOL,11111111111111111111111111111111,0.91457448,0.914574481,1e-9
jHhFBNdqXb6f3ne9YJ9HbaXMA4Z6CHHzwrQWfbVzbqgd8U6Z3hts9nVNy4Wa6mMZFnihAjz97L5W8ZaoeQNXHve,3hJQ8L8XmDpgdtRbVebh3tYvMFwhtNLyc7SJBHSCfxGo,true,2025-11-21T07:01:04.000Z,jupiter-exchange,JupiterZ,0.000010193,true,PYTH,HZ1JovNiVvGrGNiiYvEozEVgZ58xaU3RKwX8eACQBCt3,626702,0,-626702
jHhFBNdqXb6f3ne9YJ9HbaXMA4Z6CHHzwrQWfbVzbqgd8U6Z3hts9nVNy4Wa6mMZFnihAjz97L5W8ZaoeQNXHve,3hJQ8L8XmDpgdtRbVebh3tYvMFwhtNLyc7SJBHSCfxGo,true,2025-11-21T07:01:04.000Z,jupiter-exchange,JupiterZ,0.000010193,true,USDT,Es9vMFrzaCERmJfrF4H2FYD4KCoNkY11McCe8BenwNYB,10842.871985,60301.355298,49458.483313000004
4tCHMC9gzPVe2jtnGWUu3j22sBVE2maHZsQppKCxmDCanMAU6yGbZ7ejbTeGaihGF49B2dK4X4wBqYBXFjYuTFSu,3hJQ8L8XmDpgdtRbVebh3tYvMFwhtNLyc7SJBHSCfxGo,true,2025-11-21T06:59:39.000Z,,,0.000044572,true,SOL,11111111111111111111111111111111,64.914619052,0.91457448,-64.000044572
4tCHMC9gzPVe2jtnGWUu3j22sBVE2maHZsQppKCxmDCanMAU6yGbZ7ejbTeGaihGF49B2dK4X4wBqYBXFjYuTFSu,3hJQ8L8XmDpgdtRbVebh3tYvMFwhtNLyc7SJBHSCfxGo,true,2025-11-21T06:59:39.000Z,,,0.000044572,true,USDT,Es9vMFrzaCERmJfrF4H2FYD4KCoNkY11McCe8BenwNYB,2469.181131,10842.871985,8373.690854
5vWLm18vAWcFVcbvWccqQeic7whnxKaj6csmjg31UFF8WmhMJaYQEe3nhBLDs3iGUziVmS2v81XFRhyTkpTHFwyK,3hJQ8L8XmDpgdtRbVebh3tYvMFwhtNLyc7SJBHSCfxGo,false,2025-11-21T06:59:10.000Z,solana,Transfer,,true,SOL,11111111111111111111111111111111,64.914619051,64.914619052,1e-9
3xt6Xx3hxS4h7RBQeJnswPcJN5W1cwoDMRTvxPKUhgMaCqzFo1qeQCPhmL8BbTL6uydaFMnjh8GHvRhCDjyK96VQ,3hJQ8L8XmDpgdtRbVebh3tYvMFwhtNLyc7SJBHSCfxGo,false,2025-11-21T06:59:07.000Z,solana,Transfer,,true,SOL,11111111111111111111111111111111,64.91461905,64.914619051,1e-9
3CHqYrA4ocV4iTrJaSqGPxasVPAbrxERDiD76uts3Ljz9a5tw39kcySQ5X2usfhpy1KtMCMREU4psaEDifVG5ftH,3hJQ8L8XmDpgdtRbVebh3tYvMFwhtNLyc7SJBHSCfxGo,false,2025-11-21T06:59:02.000Z,solana,Transfer,,true,SOL,11111111111111111111111111111111,64.914619049,64.91461905,1e-9
2qrp7ePb3cmY4vnYJj8KHPeFzM75UPpEYQjZZHiF69QvGwEzq2xjf3jKspe6CE1ojMszVXcHheeQWg1s3Sq4WtT8,3hJQ8L8XmDpgdtRbVebh3tYvMFwhtNLyc7SJBHSCfxGo,false,2025-11-21T06:59:02.000Z,solana,Transfer,,true,SOL,11111111111111111111111111111111,64.914619048,64.914619049,1e-9
5byUb6nC298MmBoTgtH5FrSAcPhXosGcZWxfi53H6ntiu7JmNjqhLf3WXR1156cCmKUj6bHauDiH29XX2AeiyneV,3hJQ8L8XmDpgdtRbVebh3tYvMFwhtNLyc7SJBHSCfxGo,false,2025-11-21T06:59:02.000Z,solana,Transfer,,true,SOL,11111111111111111111111111111111,64.914619047,64.914619048,1e-9
2pHiVpS7zv6JjG1yUESmVviuPEfH5ZeoHpP26hNEAEC1dXhDotMBkXu5wkDhozXRYMutF48nrRm3ETupARUYBKxo,3hJQ8L8XmDpgdtRbVebh3tYvMFwhtNLyc7SJBHSCfxGo,true,2025-11-21T06:58:51.000Z,kamino,Scope Price,0.000050587,true,SOL,11111111111111111111111111111111,0.180701482,64.914619047,64.733917565
4j4f8PmkiuAxPhNJ3YZvaoiYByC5g6zgbdFWb8Q73p6Sadgb31dsGnM97EJNrPvoW5N87bBWcmATyioSWyksHyPo,3hJQ8L8XmDpgdtRbVebh3tYvMFwhtNLyc7SJBHSCfxGo,false,2025-11-19T11:22:35.000Z,solana,Transfer,,true,SOL,11111111111111111111111111111111,0.180701481,0.180701482,1e-9
5s5FmqsDoZdENDRJCLcA93wn5fyWPVwFkqXcQUY2THgUardujWrozRKm3d2rFzhrANcYf13gfrXREHQoeoFRCQyb,3hJQ8L8XmDpgdtRbVebh3tYvMFwhtNLyc7SJBHSCfxGo,false,2025-11-19T11:22:25.000Z,solana,Transfer,,true,SOL,11111111111111111111111111111111,0.18070148,0.180701481,1e-9
5z77VQGKfRZFDFmKWWPQLvpqkUY2HVMHYEdGPCdcMovoG3iFKYTS8C8peRGXTS3tLYmfcoLxWFsittXjUHhfpTvi,3hJQ8L8XmDpgdtRbVebh3tYvMFwhtNLyc7SJBHSCfxGo,false,2025-11-17T09:09:22.000Z,solana,Transfer,,true,SOL,11111111111111111111111111111111,0.18069148,0.18070148,0.00001
9eJszvjFRYPHf99nQAStKZ4o2GSNH1qKXk6Wmf7z2WPBfgt2Sa6zCFP5DCyekFnxRaCwCMLNZW785YLE22z6fE6,3hJQ8L8XmDpgdtRbVebh3tYvMFwhtNLyc7SJBHSCfxGo,false,2025-11-17T09:09:19.000Z,,,,true,USDC,EPjFWdd5AufqSSqeM2qN1xzybapC8G4wEGGkZwyTDt1v,0.030985,0.030986,0.000001000000000001
4Pc71sQTpsjtJtyDTrCZUKMU3DoNwqX5B1CUjZEPNgb6RH7hi3QTMDqYoSzcKhXtGaz8NDtTxfPFAzNv1RQnAyob,3hJQ8L8XmDpgdtRbVebh3tYvMFwhtNLyc7SJBHSCfxGo,false,2025-11-17T09:09:12.000Z,solana,Transfer,,true,SOL,11111111111111111111111111111111,0.180691474,0.18069148,6e-9
Sq2LULxTbLX38y6eCoPPkk4xJKcikCLjbjpaAvvS1V5z171e3JTCziH4QEf8CdzqDc1G32orB294JoL11PXkcHh,3hJQ8L8XmDpgdtRbVebh3tYvMFwhtNLyc7SJBHSCfxGo,false,2025-11-17T09:09:12.000Z,solana,Transfer,,true,SOL,11111111111111111111111111111111,0.180691472,0.180691474,2e-9
aDkYTUkkAvPt31ih2tXWHP1GPbkLi7Kb7pCsWZR7xgJRTRfhzpVrnAfeKRbB2397xtVrBr8p6xjwzVGKE8GdzyY,3hJQ8L8XmDpgdtRbVebh3tYvMFwhtNLyc7SJBHSCfxGo,false,2025-11-17T09:09:12.000Z,solana,Transfer,,true,SOL,11111111111111111111111111111111,0.180691468,0.180691472,4e-9
5JbWxp8DMXhd4eeQvSkzENeheMGiddFTMHue6vsTSoVjMaJKPYyvVMa4wun2yVpNNvrpM2zw6j5V2V4GoP5QzYQZ,3hJQ8L8XmDpgdtRbVebh3tYvMFwhtNLyc7SJBHSCfxGo,false,2025-11-17T09:08:04.000Z,solana,Transfer,,true,SOL,11111111111111111111111111111111,0.180691467,0.180691468,1e-9
31py3Atbgx9F42Rtd7JfhW2HBY3m4ThrsfTCy9DaUsbin6udpz18JVfBvdxMiNrHLfYLPEQjFBAuHwaFjbtBumMr,3hJQ8L8XmDpgdtRbVebh3tYvMFwhtNLyc7SJBHSCfxGo,false,2025-11-17T09:07:53.000Z,solana,Transfer,,true,SOL,11111111111111111111111111111111,0.180691466,0.180691467,1e-9
5zQjV5bmUFkWbGr3FNuYxMh6K1x3bZ21DvW3UKw3FjW6LhKJBeQ2nkGwa7TAaDEJ6Kd6XF9Ew5GoqWxD4vaSeUed,3hJQ8L8XmDpgdtRbVebh3tYvMFwhtNLyc7SJBHSCfxGo,false,2025-11-17T09:06:48.000Z,solana,Transfer,,true,SOL,11111111111111111111111111111111,0.180681466,0.180691466,0.00001
2VG4ojf2sUFJA1nmKConRyca9DZG8tFkLFVeV43fJVWrkRWVNcJghLdsUayNhGdMybn4hngT4x2v9T8v2QhFKTid,3hJQ8L8XmDpgdtRbVebh3tYvMFwhtNLyc7SJBHSCfxGo,true,2025-11-17T09:06:40.000Z,solana,Transfer,0.000005,true,SOL,11111111111111111111111111111111,0.180686466,0.180681466,-0.000005
2VG4ojf2sUFJA1nmKConRyca9DZG8tFkLFVeV43fJVWrkRWVNcJghLdsUayNhGdMybn4hngT4x2v9T8v2QhFKTid,3hJQ8L8XmDpgdtRbVebh3tYvMFwhtNLyc7SJBHSCfxGo,true,2025-11-17T09:06:40.000Z,solana,Transfer,0.000005,true,USDC,EPjFWdd5AufqSSqeM2qN1xzybapC8G4wEGGkZwyTDt1v,35.030985,0.030985,-35
42uVFDAeki1R7H2dCW5wySCkCKmS54eMz79meRjRbHx5xPLCDgVdRBTCAKaBNJv96dzn6Efanzu9NYWfj8brEpUw,3hJQ8L8XmDpgdtRbVebh3tYvMFwhtNLyc7SJBHSCfxGo,false,2025-11-17T09:05:49.000Z,solana,Transfer,,true,SOL,11111111111111111111111111111111,0.180686465,0.180686466,1e-9
ccxASFd5ZAiZuhkVsisuNC9fDgnyDB8u4KG4y343zaRCQrVCu7iu6L5EXDG6YAUKJHyNXKRTL2jCsVDksqPUT8m,3hJQ8L8XmDpgdtRbVebh3tYvMFwhtNLyc7SJBHSCfxGo,false,2025-11-17T09:05:49.000Z,solana,Transfer,,true,SOL,11111111111111111111111111111111,0.180686464,0.180686465,1e-9
2vJykphRtMU2vpi2nVYXfT8smessxMN52Cz3SiEo9FF2ejdnyPgENwkjjXFAUfb5yxfsnnxc5kDFJqQ13n9iYJP5,3hJQ8L8XmDpgdtRbVebh3tYvMFwhtNLyc7SJBHSCfxGo,false,2025-11-17T09:05:46.000Z,solana,Transfer,,true,SOL,11111111111111111111111111111111,0.180686463,0.180686464,1e-9
5NZvcwwYYhTGi8iVvhFmPqZeZoeFpVYZTH3ku19w2xscSJHCH3nfNXqAy3tVTdLzQRsiJoC4APjm4sFbLeMTQtVE,3hJQ8L8XmDpgdtRbVebh3tYvMFwhtNLyc7SJBHSCfxGo,false,2025-11-17T09:05:46.000Z,solana,Transfer,,true,SOL,11111111111111111111111111111111,0.180686462,0.180686463,1e-9
58kDH5f8prenJUFdDp1ontveXa8uSonCE1XiVn7znZnvEA1kVfceM1LmnKdNq3auzAYJmxuGCR9e4z7xRqTzFgoe,3hJQ8L8XmDpgdtRbVebh3tYvMFwhtNLyc7SJBHSCfxGo,false,2025-11-17T09:05:43.000Z,solana,Transfer,,true,SOL,11111111111111111111111111111111,0.180686461,0.180686462,1e-9
2t7sfeYW2RQXXnjRVP9kcfspLRAeAprk59DDNKZZ89XsWLRNf23CXdHPRugjCuoWp59kPREUBm4ezJHPa4Ekoxh2,3hJQ8L8XmDpgdtRbVebh3tYvMFwhtNLyc7SJBHSCfxGo,true,2025-11-17T09:05:40.000Z,kamino,Swap,0.000014256,true,SOL,11111111111111111111111111111111,0.180700717,0.180686461,-0.000014256
2t7sfeYW2RQXXnjRVP9kcfspLRAeAprk59DDNKZZ89XsWLRNf23CXdHPRugjCuoWp59kPREUBm4ezJHPa4Ekoxh2,3hJQ8L8XmDpgdtRbVebh3tYvMFwhtNLyc7SJBHSCfxGo,true,2025-11-17T09:05:40.000Z,kamino,Swap,0.000014256,true,USDT,Es9vMFrzaCERmJfrF4H2FYD4KCoNkY11McCe8BenwNYB,2504.231131,2469.181131,-35.05000000000018
2t7sfeYW2RQXXnjRVP9kcfspLRAeAprk59DDNKZZ89XsWLRNf23CXdHPRugjCuoWp59kPREUBm4ezJHPa4Ekoxh2,3hJQ8L8XmDpgdtRbVebh3tYvMFwhtNLyc7SJBHSCfxGo,true,2025-11-17T09:05:40.000Z,kamino,Swap,0.000014256,true,USDC,EPjFWdd5AufqSSqeM2qN1xzybapC8G4wEGGkZwyTDt1v,0,35.030985,35.030985
2GPbo78LN9iYfZSRvD54GsD4VxMz5fWTr2JbnbkuYQgbx6VubeVh4614kgeDqNfbJYp9PCDGaDG6t8YNnXEE3uGN,3hJQ8L8XmDpgdtRbVebh3tYvMFwhtNLyc7SJBHSCfxGo,false,2025-11-06T04:27:01.000Z,solana,Transfer,,true,USDT,Es9vMFrzaCERmJfrF4H2FYD4KCoNkY11McCe8BenwNYB,0,2504.231131,2504.231131
4mzQHmTp6zSLBiKF2B3TptqNgEsycfUyXSyFaXheLcPHVpCeQyuRLCPyVq2WxZzdmEiuUUrqkncmKDZDnqTrPkyE,3hJQ8L8XmDpgdtRbVebh3tYvMFwhtNLyc7SJBHSCfxGo,false,2025-11-03T04:32:14.000Z,solana,Transfer,,true,SOL,11111111111111111111111111111111,0.180690717,0.180700717,0.00001
5HrwivgeXQbUQJ3qDRvAz1DKzmpTY3oaubb8WZqyyRiiwvUfoobaP7sYa2BCqGMFVWRf6mTcKLs4JaFJpJYBmAYa,3hJQ8L8XmDpgdtRbVebh3tYvMFwhtNLyc7SJBHSCfxGo,false,2025-11-03T04:32:06.000Z,solana,Transfer,,true,SOL,11111111111111111111111111111111,0.180690715,0.180690717,2e-9
5zbs6ByXvHXqjFbRgkikE3WbanD2ZinnGAsN9QQHHx11fRHHFZnkxkU9SAi5nHZQxUAReeUzeBcjbigUpf4pLugK,3hJQ8L8XmDpgdtRbVebh3tYvMFwhtNLyc7SJBHSCfxGo,false,2025-11-03T04:29:47.000Z,solana,Transfer,,true,SOL,11111111111111111111111111111111,0.180680715,0.180690715,0.00001
5kDMNkfwF55o6haUTVfrxNWi4R33TCsHvyCCE8Q3c848fgJACkKsLtp2Q4VRWDQ6UEMv5y4LLqMHERgdFerGhd9R,3hJQ8L8XmDpgdtRbVebh3tYvMFwhtNLyc7SJBHSCfxGo,false,2025-11-03T04:29:41.000Z,solana,Transfer,,true,PYTH,HZ1JovNiVvGrGNiiYvEozEVgZ58xaU3RKwX8eACQBCt3,541802,626702,84900
2P7xEMwKQEgD9cb6WazERTDDhK4iM97MPg9stv9zbGREpY94ut5Qj9QuKwwZqCNJQtjWwffQtpkLYA5zgE1PmJCb,3hJQ8L8XmDpgdtRbVebh3tYvMFwhtNLyc7SJBHSCfxGo,false,2025-10-30T04:31:40.000Z,solana,Transfer,,true,SOL,11111111111111111111111111111111,0.180680714,0.180680715,1e-9
aZbtmy91Vnfq4bJ2rQrTjZiu3LAe8CeiGQmJCz5DUcoUqWNMv3stTjWiwPcMsC6XiWaLcDMYUvtGcwvh9zFctq5,3hJQ8L8XmDpgdtRbVebh3tYvMFwhtNLyc7SJBHSCfxGo,false,2025-10-30T04:31:40.000Z,solana,Transfer,,true,SOL,11111111111111111111111111111111,0.180680713,0.180680714,1e-9
3tACkSt5A92sxaZGsPhNfq7sp8r9LizzdaeqquAKJVYnYZihaWnkwt8ahoTGUo89Zs1qBLMg4Cg5d4wtb83PbJzF,3hJQ8L8XmDpgdtRbVebh3tYvMFwhtNLyc7SJBHSCfxGo,true,2025-10-30T04:31:35.000Z,circle,CCTP Minter,0.000388416,true,SOL,11111111111111111111111111111111,0.183992329,0.180680713,-0.003311616
3tACkSt5A92sxaZGsPhNfq7sp8r9LizzdaeqquAKJVYnYZihaWnkwt8ahoTGUo89Zs1qBLMg4Cg5d4wtb83PbJzF,3hJQ8L8XmDpgdtRbVebh3tYvMFwhtNLyc7SJBHSCfxGo,true,2025-10-30T04:31:35.000Z,circle,CCTP Minter,0.000388416,true,USDC,EPjFWdd5AufqSSqeM2qN1xzybapC8G4wEGGkZwyTDt1v,250.724092,0,-250.724092
3xZYLwi1gtxC1zzVt8HB3B84KVZ5A7EXPZuBpbodRPZ2S51gBwz7NqHdZqLwZP6SK63zuLBten5LExj6cR2EedYs,3hJQ8L8XmDpgdtRbVebh3tYvMFwhtNLyc7SJBHSCfxGo,false,2025-10-30T03:16:49.000Z,solana,Transfer,,true,SOL,11111111111111111111111111111111,0.183992328,0.183992329,1e-9
5PGyLeZ6JDBDEaD2FhPsjJNuVSsKexe7LoN8AJ6JhP3QJS7AadwrNtHQkYii7JZkFhqu2UeZLLwVHXXN3ntgEF35,3hJQ8L8XmDpgdtRbVebh3tYvMFwhtNLyc7SJBHSCfxGo,false,2025-10-30T03:16:45.000Z,solana,Transfer,,true,SOL,11111111111111111111111111111111,0.183992327,0.183992328,1e-9
5bjQoe5GLnjXruKCtX9FYGJPUsSrWVNo59d2H1MASRk5E8ALtxMPuR8tPwsRx2XjyHhojUeowakuySrQRPNPCz2P,3hJQ8L8XmDpgdtRbVebh3tYvMFwhtNLyc7SJBHSCfxGo,false,2025-10-30T03:16:44.000Z,solana,Transfer,,true,SOL,11111111111111111111111111111111,0.183992326,0.183992327,1e-9
3sWqB5jeaqzStyc6espBk42AyUfoveoPc2fKLS8CcZeGZM6UGYWMTiv1skCmR1H2mVdrRivzn6gTztFzgoNpWVsm,3hJQ8L8XmDpgdtRbVebh3tYvMFwhtNLyc7SJBHSCfxGo,false,2025-10-30T03:16:43.000Z,solana,Transfer,,true,SOL,11111111111111111111111111111111,0.183992325,0.183992326,1e-9
2MC1Skg18MzohtPMPsZcF6qzsENrXmQ8GYFLXbCjxLVbQvGTgwD3cNEZ1wn5NFiZ4g6Ym7uz3MmpZgJke5MKFpAL,3hJQ8L8XmDpgdtRbVebh3tYvMFwhtNLyc7SJBHSCfxGo,false,2025-10-30T03:16:43.000Z,solana,Transfer,,true,SOL,11111111111111111111111111111111,0.183992324,0.183992325,1e-9
2HjtiyzDpLhJgn878zNiWPXSu1PRx8ToxZg3z4kjHaaeYAmoW8deEQqeEqxoJNzA8ThShuj5mXuJhYgPaeSNaZMh,3hJQ8L8XmDpgdtRbVebh3tYvMFwhtNLyc7SJBHSCfxGo,false,2025-10-30T03:16:43.000Z,solana,Transfer,,true,SOL,11111111111111111111111111111111,0.183992323,0.183992324,1e-9
2StM5xp4VXLoKX3paurKuiTvWsSjwcx1pqQRBfV2hEvYeyRC4kuZ78nGS4BMkShbaJmkj63toXKhpUMJhMMhRwMm,3hJQ8L8XmDpgdtRbVebh3tYvMFwhtNLyc7SJBHSCfxGo,false,2025-10-30T03:16:42.000Z,solana,Transfer,,true,SOL,11111111111111111111111111111111,0.183992322,0.183992323,1e-9
g5KxaoJDHjnSTr2PXt21Mnb8ofVad3eskxBwuzPgu3h1c5h7SuMeQ8VwFok9Z3abcK6MgRcyFHVyYYkEhSKrHNe,3hJQ8L8XmDpgdtRbVebh3tYvMFwhtNLyc7SJBHSCfxGo,false,2025-10-30T03:16:42.000Z,solana,Transfer,,true,SOL,11111111111111111111111111111111,0.183992321,0.183992322,1e-9
4RekU2u7sQewQzYZkYYAvWLB3XXy1i4ipjewsrGQAjMXPwL1sbGLfxYzefNYAXiZfPibFZxmHeUMP6cKaUq43JJB,3hJQ8L8XmDpgdtRbVebh3tYvMFwhtNLyc7SJBHSCfxGo,true,2025-10-30T03:16:33.000Z,kamino,Swap,0.000011802,true,SOL,11111111111111111111111111111111,0.184004123,0.183992321,-0.000011802
4RekU2u7sQewQzYZkYYAvWLB3XXy1i4ipjewsrGQAjMXPwL1sbGLfxYzefNYAXiZfPibFZxmHeUMP6cKaUq43JJB,3hJQ8L8XmDpgdtRbVebh3tYvMFwhtNLyc7SJBHSCfxGo,true,2025-10-30T03:16:33.000Z,kamino,Swap,0.000011802,true,PYTH,HZ1JovNiVvGrGNiiYvEozEVgZ58xaU3RKwX8eACQBCt3,544002,541802,-2200
4RekU2u7sQewQzYZkYYAvWLB3XXy1i4ipjewsrGQAjMXPwL1sbGLfxYzefNYAXiZfPibFZxmHeUMP6cKaUq43JJB,3hJQ8L8XmDpgdtRbVebh3tYvMFwhtNLyc7SJBHSCfxGo,true,2025-10-30T03:16:33.000Z,kamino,Swap,0.000011802,true,USDC,EPjFWdd5AufqSSqeM2qN1xzybapC8G4wEGGkZwyTDt1v,0,250.724092,250.724092
43kMJwhEUa2r3toYJfvuGoW48QuwGaW4VbEdPExcXJbaWKgXdZwkr5WpazCpbBLS4nimy1RDs5t93XrwLK64wpfD,3hJQ8L8XmDpgdtRbVebh3tYvMFwhtNLyc7SJBHSCfxGo,false,2025-10-28T14:23:46.000Z,solana,Transfer,,true,SOL,11111111111111111111111111111111,0.183994123,0.184004123,0.00001
3GLnjPzYDE6QqGVHXAaMmYizeg95RYRMWM2XQ1ee9FtYJ7BTRqNmxrrDvnJHn2jtpCg9YpEsAvTJah1A7MjwKtGC,3hJQ8L8XmDpgdtRbVebh3tYvMFwhtNLyc7SJBHSCfxGo,false,2025-10-28T14:23:37.000Z,solana,Transfer,,true,SOL,11111111111111111111111111111111,0.183994115,0.183994123,8e-9
4dcSBopSjWHmcEs5M7MXdL4k9jFTS3sReQhzLt5AXxVZSHJD2to9zVe5q55LpFTktNwYQY731MQ83n2xpERAi3qg,3hJQ8L8XmDpgdtRbVebh3tYvMFwhtNLyc7SJBHSCfxGo,false,2025-10-28T14:23:37.000Z,solana,Transfer,,true,SOL,11111111111111111111111111111111,0.183994113,0.183994115,2e-9
4mnC92J5cHe2Zbxk5WW6CR7ntqvQggJvCVYx6BpFX2B74pyivwAcfoZqwpRiMYr2KPeWsXbime8fqvsBTrtFBJEb,3hJQ8L8XmDpgdtRbVebh3tYvMFwhtNLyc7SJBHSCfxGo,false,2025-10-28T14:23:37.000Z,solana,Transfer,,true,SOL,11111111111111111111111111111111,0.183994107,0.183994113,6e-9
URAALuJipriUs2EQ1z56At3trHZtjW8gY3b1ykVaMJb9d391531S76DoivDVUjW9tiAuFWGJVP8NQd9Beuj1Smh,3hJQ8L8XmDpgdtRbVebh3tYvMFwhtNLyc7SJBHSCfxGo,false,2025-10-28T14:23:37.000Z,solana,Transfer,,true,SOL,11111111111111111111111111111111,0.183994103,0.183994107,4e-9
5RjDAU6UET8Amdbr6xepv4S772PyFYpwKKo61cEgP8XVkkrtkiUuV18waUqSku2PMY9zJJnvc4PW1LxJojrupRum,3hJQ8L8XmDpgdtRbVebh3tYvMFwhtNLyc7SJBHSCfxGo,false,2025-10-28T14:18:54.000Z,solana,Transfer,,true,SOL,11111111111111111111111111111111,0.183984103,0.183994103,0.00001
3ctB366agjaJeFcwSSgAymq5mGr7t5Ecn7v7Ydce9Gnpn6VEFgG4mPZ685bgBymPUTdRJsG2ndfhT2QZbPJqUpEa,3hJQ8L8XmDpgdtRbVebh3tYvMFwhtNLyc7SJBHSCfxGo,false,2025-10-28T14:18:43.000Z,solana,Transfer,,true,SOL,11111111111111111111111111111111,0.183974103,0.183984103,0.00001
2hHCNbAcU3jN4wy2EktEu1RYrvE9LuKn8ycb9mM4EedHAx8crHRRUJf3RwYDAwMXgijvaHvip157bhUMGdDbS4tE,3hJQ8L8XmDpgdtRbVebh3tYvMFwhtNLyc7SJBHSCfxGo,false,2025-10-28T14:18:31.000Z,solana,Transfer,,true,SOL,11111111111111111111111111111111,0.183974097,0.183974103,6e-9
2xcQnT1mpd67njUTArxq5vDpa2EF5P9b5yob3cmogrg5ktwUKraSGhF284Xw7Cqmr8VNmcAoMriUaZ9vST2nLjSA,3hJQ8L8XmDpgdtRbVebh3tYvMFwhtNLyc7SJBHSCfxGo,false,2025-10-28T14:18:31.000Z,solana,Transfer,,true,SOL,11111111111111111111111111111111,0.183974089,0.183974097,8e-9
EdTjSc6svHB6d1ipxLm5TTSmB69u9GZqJjoTUeHqVxZF33eH61HcAx3sdegeUP41PukfG7CHzaqVr9uC3PbntTL,3hJQ8L8XmDpgdtRbVebh3tYvMFwhtNLyc7SJBHSCfxGo,false,2025-10-28T14:18:31.000Z,solana,Transfer,,true,SOL,11111111111111111111111111111111,0.183974085,0.183974089,4e-9
4pdA6yhzZEMgAdH9ZuNbTJfuhoCBd5FhdF4nZV2i2vXxxk3i9GN6yXpZkCTEjsSYJCkPUAFhePodSNXXQDbruvox,3hJQ8L8XmDpgdtRbVebh3tYvMFwhtNLyc7SJBHSCfxGo,false,2025-10-28T14:18:31.000Z,solana,Transfer,,true,SOL,11111111111111111111111111111111,0.183974083,0.183974085,2e-9
62DgLkpTPuRuT3FtsA4KuKokov2oUr5mZXPWLzwdTreWakdRTAaneZHhjJ9tmLaJj56X2R3gRRzcK2Ad5HFZLSkH,3hJQ8L8XmDpgdtRbVebh3tYvMFwhtNLyc7SJBHSCfxGo,true,2025-10-28T14:16:06.000Z,solana,Transfer,0.000079994,true,SOL,11111111111111111111111111111111,0.184054077,0.183974083,-0.000079994
62DgLkpTPuRuT3FtsA4KuKokov2oUr5mZXPWLzwdTreWakdRTAaneZHhjJ9tmLaJj56X2R3gRRzcK2Ad5HFZLSkH,3hJQ8L8XmDpgdtRbVebh3tYvMFwhtNLyc7SJBHSCfxGo,true,2025-10-28T14:16:06.000Z,solana,Transfer,0.000079994,true,USDT,Es9vMFrzaCERmJfrF4H2FYD4KCoNkY11McCe8BenwNYB,11000.002639,0,-11000.002639
22JGsyRZPPNb7VbyBAAkzAQJRWHKCNiaF5eXABxXQdutXXgmJpvMNb2WMrpThxW3KrALLWaZhFkKrjr9K913tHMc,3hJQ8L8XmDpgdtRbVebh3tYvMFwhtNLyc7SJBHSCfxGo,false,2025-10-28T14:15:19.000Z,solana,Transfer,,true,SOL,11111111111111111111111111111111,0.184054076,0.184054077,1e-9
5TVF8PP4wdAwYtBkgLrNCgmYGvf4y4nBR4GfUdXUw79faeHUaV4ymLcWT9D8rN4rBxavTJ9RkRkCTf6bxCz2Zrn8,3hJQ8L8XmDpgdtRbVebh3tYvMFwhtNLyc7SJBHSCfxGo,false,2025-10-28T14:12:09.000Z,solana,Transfer,,true,SOL,11111111111111111111111111111111,0.184054075,0.184054076,1e-9
KLCyqBqEF8VcsXKEqz1J58ayfSG7ZnqGUTsQeC7rSQR5rUxqXEa5utcgiQe2KDfw62ftc5L45kdurXSXPsJp7TW,3hJQ8L8XmDpgdtRbVebh3tYvMFwhtNLyc7SJBHSCfxGo,false,2025-10-28T14:12:09.000Z,solana,Transfer,,true,SOL,11111111111111111111111111111111,0.184054074,0.184054075,1e-9
3ixDhRKXGotCRkb7G7DURJfRMLHrwbHDCR7RyLcTVVRKw1CJnTB5fZtodoSU5W5HWhJoGhfoshM3q5FzQXERzRhL,3hJQ8L8XmDpgdtRbVebh3tYvMFwhtNLyc7SJBHSCfxGo,false,2025-10-28T14:12:09.000Z,solana,Transfer,,true,SOL,11111111111111111111111111111111,0.184054073,0.184054074,1e-9
62AkdLsgCxG4VTyzYca7Evyia84oZZCLTszt8kWGkR7VgoZDARyghVA1TuRPxZt8pYmzDrPDKbL1SuHMCiUujbXC,3hJQ8L8XmDpgdtRbVebh3tYvMFwhtNLyc7SJBHSCfxGo,false,2025-10-28T14:12:09.000Z,solana,Transfer,,true,SOL,11111111111111111111111111111111,0.184054072,0.184054073,1e-9
4jbMBrzbGL1LhiYkYrf5biMVGnL7xt1zZx2T9oiQvVANAx6XmkQb1Le16VXJz7sVZ35j2CaYq2MArJdmctL7khUK,3hJQ8L8XmDpgdtRbVebh3tYvMFwhtNLyc7SJBHSCfxGo,false,2025-10-28T14:12:09.000Z,solana,Transfer,,true,SOL,11111111111111111111111111111111,0.184054071,0.184054072,1e-9
343ahTp9vCmZVRVsjUAN2c5DxVwuG9JB7eSwWFdcfRDgedLLHyxrHZLzqX6GG48UGcA7FPs8n8FiHhDmC2THZcr6,3hJQ8L8XmDpgdtRbVebh3tYvMFwhtNLyc7SJBHSCfxGo,false,2025-10-28T14:12:09.000Z,solana,Transfer,,true,SOL,11111111111111111111111111111111,0.18405407,0.184054071,1e-9
5ZSuoVfoMB8iFp7VDEn5T5Xa8yTm3Ede5qvUX1yMxHU4khAGMAsAwLdFbhwaThfoRoK87AV5ti1gQNiyKNPCo3Dg,3hJQ8L8XmDpgdtRbVebh3tYvMFwhtNLyc7SJBHSCfxGo,true,2025-10-28T14:12:04.000Z,kamino,Scope Price,0.000126982,true,SOL,11111111111111111111111111111111,0.184181052,0.18405407,-0.000126982
5ZSuoVfoMB8iFp7VDEn5T5Xa8yTm3Ede5qvUX1yMxHU4khAGMAsAwLdFbhwaThfoRoK87AV5ti1gQNiyKNPCo3Dg,3hJQ8L8XmDpgdtRbVebh3tYvMFwhtNLyc7SJBHSCfxGo,true,2025-10-28T14:12:04.000Z,kamino,Scope Price,0.000126982,true,USDT,Es9vMFrzaCERmJfrF4H2FYD4KCoNkY11McCe8BenwNYB,0,11000.002639,11000.002639
9S3sVjT42T15czuQBy9L1dZ1kovA2sFo5qU2Lmm1UqxaXdsmo1fmNKgviHikgZz5vxJ3Dr57C79FPtcrb8i3PMd,3hJQ8L8XmDpgdtRbVebh3tYvMFwhtNLyc7SJBHSCfxGo,false,2025-10-03T09:25:48.000Z,solana,Transfer,,true,SOL,11111111111111111111111111111111,0.184181051,0.184181052,1e-9
23pgKeHcKDtV1FyzomhARWbuHfJ7QhrEgRcAcK823JRk5NofWYcc2x1kyCntsrVnPqd5TPmr4R4cvmAeU1fH4nm6,3hJQ8L8XmDpgdtRbVebh3tYvMFwhtNLyc7SJBHSCfxGo,false,2025-10-03T09:25:36.000Z,solana,Transfer,,true,SOL,11111111111111111111111111111111,0.184171051,0.184181051,0.00001
35KrM3hzSZSV1zzYuBtHoXTL7n2uaBxGZforhAgfCgiLJxv2kX5RjQZyXtb7nHuhzAXX3tocJfrkZWff5zCLadRG,3hJQ8L8XmDpgdtRbVebh3tYvMFwhtNLyc7SJBHSCfxGo,false,2025-10-03T09:25:29.000Z,solana,Transfer,,true,SOL,11111111111111111111111111111111,0.184171045,0.184171051,6e-9
dzBHcJKk3mw1X9J7Q2ejoyXnA2iW6oAhFUi8xpHLgDeyBgGnaeUWtj9FkusVzdwCFjHmuAWpVQJE4EEwLvcAdsd,3hJQ8L8XmDpgdtRbVebh3tYvMFwhtNLyc7SJBHSCfxGo,false,2025-10-03T09:25:29.000Z,solana,Transfer,,true,SOL,11111111111111111111111111111111,0.184171037,0.184171045,8e-9
3jhdd8cfsgWhqVphHUiHSP7iyxTVo14Kxz2AQg7QzuRuSmtL7jatWJPuxtgUqz8MpssK2nCEtZMsxi1McoUy3kwN,3hJQ8L8XmDpgdtRbVebh3tYvMFwhtNLyc7SJBHSCfxGo,false,2025-10-03T09:25:29.000Z,solana,Transfer,,true,SOL,11111111111111111111111111111111,0.184171033,0.184171037,4e-9
5qZgYNXMnqEBfcsFKV4YQphPNQ8QNNfyHeonTSCxLDpEg83uZfiL3LS9Vi9vFfY1RebGWG9wwk4mBfVZstXUpnYX,3hJQ8L8XmDpgdtRbVebh3tYvMFwhtNLyc7SJBHSCfxGo,false,2025-10-03T09:25:29.000Z,solana,Transfer,,true,SOL,11111111111111111111111111111111,0.184171031,0.184171033,2e-9
3MLcBSUw45F6BqACApeETiChSi93VbiUuqSKcnQNsmafhzVzwXt23YchtVjcXGg56TNnB6GdMJnnFeHpkqke1Ne9,3hJQ8L8XmDpgdtRbVebh3tYvMFwhtNLyc7SJBHSCfxGo,false,2025-10-03T09:24:57.000Z,solana,Transfer,,true,PYTH,HZ1JovNiVvGrGNiiYvEozEVgZ58xaU3RKwX8eACQBCt3,371002,544002,173000
5cRm2nnaC6WQ4XRhpX5LFe5y9DDr6kf4qRXWyuY6Bb7v5n45dgmJgHBMW9gAibsX3DSpVTPpZTEqzxBG7g544uNB,3hJQ8L8XmDpgdtRbVebh3tYvMFwhtNLyc7SJBHSCfxGo,false,2025-10-03T09:22:58.000Z,solana,Transfer,,true,PYTH,HZ1JovNiVvGrGNiiYvEozEVgZ58xaU3RKwX8eACQBCt3,371000,371002,2
FbVr2WTTWZUkEFXkz46FXcRkNgAvPsgLDD6PG2HokfFKVYh5E38F6H4kzJ9tiiwPFHjtFJV65sKuQJ6jRUL1q25,3hJQ8L8XmDpgdtRbVebh3tYvMFwhtNLyc7SJBHSCfxGo,false,2025-09-19T00:07:39.000Z,solana,Transfer,,true,SOL,11111111111111111111111111111111,0.18417103,0.184171031,1e-9
b2Nh3yAjBdUbX6t6T9s6t7rYpu6Pk36hfQqnKamdjKT67bVshL8XaXR36N5cX5PqwE1F4tYxmiwKSnnxghhMjwC,3hJQ8L8XmDpgdtRbVebh3tYvMFwhtNLyc7SJBHSCfxGo,false,2025-09-18T09:58:40.000Z,solana,Transfer,,true,SOL,11111111111111111111111111111111,0.18416103,0.18417103,0.00001
5gKCg5NANbrwBP7jXzpiUrQdp7PaFkfM5DSfPXaRUcCjfj5Ht82WrCVDnjMXuNQQEQAV2GPySvtq19vmbQS9nekg,3hJQ8L8XmDpgdtRbVebh3tYvMFwhtNLyc7SJBHSCfxGo,false,2025-09-18T09:58:32.000Z,solana,Transfer,,true,SOL,11111111111111111111111111111111,0.184161026,0.18416103,4e-9
431DP3itn3MFjgBaHXXxdjy9ndNX4BJxzxcaoWnDStkej1UzEZhqKHLyMTzrXzLN77eVVpb4uMQGbJGBx8PJ5f5L,3hJQ8L8XmDpgdtRbVebh3tYvMFwhtNLyc7SJBHSCfxGo,false,2025-09-18T09:58:32.000Z,solana,Transfer,,true,SOL,11111111111111111111111111111111,0.18416102,0.184161026,6e-9
5YHo1uT44dUigqtc55xe4bx6pRpzLxtQGwJfTdiSdHLY4TxkzA7MQ18ic9wqSFkvuyLhry6bWXj49esBQWLVyMmU,3hJQ8L8XmDpgdtRbVebh3tYvMFwhtNLyc7SJBHSCfxGo,false,2025-09-18T09:58:32.000Z,solana,Transfer,,true,SOL,11111111111111111111111111111111,0.184161012,0.18416102,8e-9
37GojRdb8eE6aZmfnEr62RSirA9Ekkz7iKnL1AdDktRVmVgHPBfxMam7LMzW4Js2daXDpoctcfjjiqyA98QhvB46,3hJQ8L8XmDpgdtRbVebh3tYvMFwhtNLyc7SJBHSCfxGo,false,2025-09-18T09:58:32.000Z,solana,Transfer,,true,SOL,11111111111111111111111111111111,0.18416101,0.184161012,2e-9
4mT1LUKGhiWFyzFJxjPuhMH83PGdspdPoVYCVnNNKJAQ1kSmV6CmrvxXVYwCsXVi8smNyevvpfAcfPBHeNT3jf9t,3hJQ8L8XmDpgdtRbVebh3tYvMFwhtNLyc7SJBHSCfxGo,false,2025-09-18T09:57:26.000Z,solana,Transfer,,true,SOL,11111111111111111111111111111111,0.18415101,0.18416101,0.00001
128WaPnPcbYJokbZPqPQmd1XHVM5oLTATHJP3dTB84oy7RXK275KfDJow7MU7a6NVcYyFU6XHwV4Px24vGht5S7W,3hJQ8L8XmDpgdtRbVebh3tYvMFwhtNLyc7SJBHSCfxGo,true,2025-09-18T09:57:03.000Z,solana,Transfer,0.000079994,true,SOL,11111111111111111111111111111111,0.184231004,0.18415101,-0.000079994
128WaPnPcbYJokbZPqPQmd1XHVM5oLTATHJP3dTB84oy7RXK275KfDJow7MU7a6NVcYyFU6XHwV4Px24vGht5S7W,3hJQ8L8XmDpgdtRbVebh3tYvMFwhtNLyc7SJBHSCfxGo,true,2025-09-18T09:57:03.000Z,solana,Transfer,0.000079994,true,USDC,EPjFWdd5AufqSSqeM2qN1xzybapC8G4wEGGkZwyTDt1v,10087.001357,0,-10087.001357
skZnmAGXNiN4kpP5LWG8B83JjC2TuCsUWYjgBqyJfdq85pe3dboAfszx35gkqwdnZvHqzF4ZEpr4E6bBksEAAsv,3hJQ8L8XmDpgdtRbVebh3tYvMFwhtNLyc7SJBHSCfxGo,false,2025-09-18T09:45:44.000Z,solana,Transfer,,true,SOL,11111111111111111111111111111111,0.184231003,0.184231004,1e-9
2djVpJYcapuc1EozfKNYR7JFMn2CRcaQCLmDx4kQ9XbrGH9F3g1VBj2R1uZuEeG9xREZHwUw9UiFP1PZc7suPxLF,3hJQ8L8XmDpgdtRbVebh3tYvMFwhtNLyc7SJBHSCfxGo,false,2025-09-18T09:45:35.000Z,solana,Transfer,,true,SOL,11111111111111111111111111111111,0.184231002,0.184231003,1e-9
V4MHgPvcZ4CJ9EnzbNzMR2UZBBjgDrdfwwdU2cM4M6WNM6NcbZ5P8RFR1FscCFbayCRbTwJTTJwixzk1vccEsMZ,3hJQ8L8XmDpgdtRbVebh3tYvMFwhtNLyc7SJBHSCfxGo,false,2025-09-18T09:45:27.000Z,solana,Transfer,,true,SOL,11111111111111111111111111111111,0.184231001,0.184231002,1e-9
4tDF3zdnokwNhouvujnDPUdVN6Znxd6yyfqxrM2garAMFvoMxXH6ydok665vnJKSr3dXfBShtoReTKoZfYQVG3ef,3hJQ8L8XmDpgdtRbVebh3tYvMFwhtNLyc7SJBHSCfxGo,false,2025-09-18T09:45:16.000Z,solana,Transfer,,true,SOL,11111111111111111111111111111111,0.184231,0.184231001,1e-9
4jkUKLxEnivk3USVBbucbdUqavwaAtTLJkhUiBGSBevH8nz2Kmm1HMacUV8z3Sun3d1JiHbDhtoHDis512bHzj4F,3hJQ8L8XmDpgdtRbVebh3tYvMFwhtNLyc7SJBHSCfxGo,false,2025-09-18T09:45:06.000Z,solana,Transfer,,true,SOL,11111111111111111111111111111111,0.184230999,0.184231,1e-9
4n9R4wKddEoiuwScDJYbmWKsspduJxJQvY6znW26aA6Utbz6ac3N4JVyZykBoRkL4B5zMujbxdBW1J35GQCAtfgy,3hJQ8L8XmDpgdtRbVebh3tYvMFwhtNLyc7SJBHSCfxGo,false,2025-09-18T09:44:58.000Z,solana,Transfer,,true,SOL,11111111111111111111111111111111,0.184230998,0.184230999,1e-9
3ktCJhvambPRsnDUto7ZR5QfVYSSRWsmUeP1uLisaDWsL7W8s1NtReDpj3JKqUBm3Y1fBSdj3GTC9GzovE44F5GP,3hJQ8L8XmDpgdtRbVebh3tYvMFwhtNLyc7SJBHSCfxGo,false,2025-09-18T09:44:58.000Z,solana,Transfer,,true,SOL,11111111111111111111111111111111,0.184230997,0.184230998,1e-9
4PDEZWEeJj4nxQ42AGD8bjhnnxyMaPC16b5Nw7mQnevWXpSUXF6dwyJvKHpipGLdrQYsjtyVhcyvsMhjvNiUmDQn,3hJQ8L8XmDpgdtRbVebh3tYvMFwhtNLyc7SJBHSCfxGo,true,2025-09-18T09:44:58.000Z,kamino,Swap,0.000008917,true,SOL,11111111111111111111111111111111,0.184239914,0.184230997,-0.000008917
4PDEZWEeJj4nxQ42AGD8bjhnnxyMaPC16b5Nw7mQnevWXpSUXF6dwyJvKHpipGLdrQYsjtyVhcyvsMhjvNiUmDQn,3hJQ8L8XmDpgdtRbVebh3tYvMFwhtNLyc7SJBHSCfxGo,true,2025-09-18T09:44:58.000Z,kamino,Swap,0.000008917,true,USDT,Es9vMFrzaCERmJfrF4H2FYD4KCoNkY11McCe8BenwNYB,10082.897797,0,-10082.897797
4PDEZWEeJj4nxQ42AGD8bjhnnxyMaPC16b5Nw7mQnevWXpSUXF6dwyJvKHpipGLdrQYsjtyVhcyvsMhjvNiUmDQn,3hJQ8L8XmDpgdtRbVebh3tYvMFwhtNLyc7SJBHSCfxGo,true,2025-09-18T09:44:58.000Z,kamino,Swap,0.000008917,true,USDC,EPjFWdd5AufqSSqeM2qN1xzybapC8G4wEGGkZwyTDt1v,0,10087.001357,10087.001357
2MG99kjwYgjzcyBBXgR8kEWsk5HXEoxLbwa7AvYCbh3FzKP8oNiA77pveWPvvDSaVhEZABaAjuSZSapucn9WQEh3,3hJQ8L8XmDpgdtRbVebh3tYvMFwhtNLyc7SJBHSCfxGo,false,2025-09-18T08:49:44.000Z,solana,Transfer,,true,SOL,11111111111111111111111111111111,0.184239913,0.184239914,1e-9
7HswNE2pMV13hhQMDNvHveS7Q3ENrjyLHQpARWQQtgzo2hHK27vk2cNh1hN7idhMhUWYN5cZjNczLVPFZ5W9MH2,3hJQ8L8XmDpgdtRbVebh3tYvMFwhtNLyc7SJBHSCfxGo,false,2025-09-18T08:49:36.000Z,solana,Transfer,,true,SOL,11111111111111111111111111111111,0.184239912,0.184239913,1e-9
2cBgqoX4YmLP1Y73UfM75mLNpnseg3h7sM7YVh92PtH6Qp96LnUqDqTciffzkp6AVCvS9VbwJXXnovxXqhTfD83X,3hJQ8L8XmDpgdtRbVebh3tYvMFwhtNLyc7SJBHSCfxGo,false,2025-09-18T08:49:25.000Z,solana,Transfer,,true,SOL,11111111111111111111111111111111,0.184239911,0.184239912,1e-9
EmSW7gCjT1wY9JfX3LiZUJET8T8mP5C1aA9ZbgPYRfQVByU6TQWiEkQmwbjucrxTZbpYSA4ECHzCM8mqCBnraXb,3hJQ8L8XmDpgdtRbVebh3tYvMFwhtNLyc7SJBHSCfxGo,false,2025-09-18T08:49:18.000Z,solana,Transfer,,true,SOL,11111111111111111111111111111111,0.18423991,0.184239911,1e-9
2XPJQQsyXaLxRS7ot4ytxyWSJP8GstSyxCWcqXi8cusMqG8aniBzCjM4pwh3MNBuyWv9NNQWoS37rKyyeAytndEM,3hJQ8L8XmDpgdtRbVebh3tYvMFwhtNLyc7SJBHSCfxGo,false,2025-09-18T08:49:05.000Z,solana,Transfer,,true,SOL,11111111111111111111111111111111,0.184239909,0.18423991,1e-9
63Uocp62REScc2WXkx1UQr7DfHoqNJkr7pW2EibyGdr7YETMvzntAZ2cAWHBBioFhSRbjjpnhsXXCWmAaCEXzqmn,3hJQ8L8XmDpgdtRbVebh3tYvMFwhtNLyc7SJBHSCfxGo,false,2025-09-18T08:49:05.000Z,solana,Transfer,,true,SOL,11111111111111111111111111111111,0.184239908,0.184239909,1e-9
w8uFDTsx6JzkCgNwEgRmSf9jeAcUDk1cbopjd2bF8krZHTzwqR7uy9wuzYUmJDbcoJi1HXBbdqzigCaFbmGJ8oC,3hJQ8L8XmDpgdtRbVebh3tYvMFwhtNLyc7SJBHSCfxGo,true,2025-09-18T08:49:01.000Z,kamino,Swap,0.000008451,true,SOL,11111111111111111111111111111111,0.184248359,0.184239908,-0.000008451
w8uFDTsx6JzkCgNwEgRmSf9jeAcUDk1cbopjd2bF8krZHTzwqR7uy9wuzYUmJDbcoJi1HXBbdqzigCaFbmGJ8oC,3hJQ8L8XmDpgdtRbVebh3tYvMFwhtNLyc7SJBHSCfxGo,true,2025-09-18T08:49:01.000Z,kamino,Swap,0.000008451,true,PYTH,HZ1JovNiVvGrGNiiYvEozEVgZ58xaU3RKwX8eACQBCt3,431584,371000,-60584
w8uFDTsx6JzkCgNwEgRmSf9jeAcUDk1cbopjd2bF8krZHTzwqR7uy9wuzYUmJDbcoJi1HXBbdqzigCaFbmGJ8oC,3hJQ8L8XmDpgdtRbVebh3tYvMFwhtNLyc7SJBHSCfxGo,true,2025-09-18T08:49:01.000Z,kamino,Swap,0.000008451,true,USDT,Es9vMFrzaCERmJfrF4H2FYD4KCoNkY11McCe8BenwNYB,0,10082.897797,10082.897797
EeQ5agdsNKX8eqNSNmc9Ysb4bGhJA61p3N5XW6FcZ9H6VD1bK4U6p81dm5S2Stu8by8haCZLH4sq4Fbb8FrLAKf,3hJQ8L8XmDpgdtRbVebh3tYvMFwhtNLyc7SJBHSCfxGo,false,2025-09-16T10:13:00.000Z,solana,Transfer,,true,OASO,A6zLNo4pU4eFKHv4iyvUa76Ar1UCnWqtgxarWVeyezFV,0,140603,140603
3zY11UKEmcwiWS8c4NVCaxsBGzTBwzMV7HoyJrkehj5eWwdvZNYKwqNdUcs1BsB54mJdqLjcF6mvbZCRF53heSuy,3hJQ8L8XmDpgdtRbVebh3tYvMFwhtNLyc7SJBHSCfxGo,false,2025-09-02T12:46:46.000Z,solana,Transfer,,true,SOL,11111111111111111111111111111111,0.184247359,0.184248359,0.000001
4FQocw2T4hYjaJMaBWxgrJYLpdgedeqYjN6LozpgVbmM1veTX1df4YcUUSY1Kvb3ryq45niUUjpo5iP7hkewtRZt,3hJQ8L8XmDpgdtRbVebh3tYvMFwhtNLyc7SJBHSCfxGo,false,2025-09-01T16:13:18.000Z,solana,Transfer,,true,SOL,11111111111111111111111111111111,0.184246359,0.184247359,0.000001
5VWp2VCwaQnUpWSJZJR6o3A8gXd4tJCahceNQRgJ1kj49RivBctp5xZW5ni7QiyJMb4oZEZy7qyJufq6rVFo2FpV,3hJQ8L8XmDpgdtRbVebh3tYvMFwhtNLyc7SJBHSCfxGo,false,2025-08-29T12:16:24.000Z,solana,Transfer,,true,SOL,11111111111111111111111111111111,0.184246358,0.184246359,1e-9
64sse7kYwedhEQ7yk3176jmkbc4wx2THCCVd3sqYcxnBaNLQ6segx4sNx68AGEcx8wNwqL3Ddb1eGsNg665rkwZm,3hJQ8L8XmDpgdtRbVebh3tYvMFwhtNLyc7SJBHSCfxGo,false,2025-08-29T01:34:38.000Z,solana,Transfer,,true,SOL,11111111111111111111111111111111,0.184246357,0.184246358,1e-9
5XrghbhiAELzN8pvE9Uh9CxujLVLXMmc7kzDwLapQp5nftmu91tkqV1ffdeVe5coYKcrjK5CKXDMK6m4fVQY8YZ3,3hJQ8L8XmDpgdtRbVebh3tYvMFwhtNLyc7SJBHSCfxGo,true,2025-08-29T01:34:23.000Z,kamino,Scope Price,0.000011974,true,SOL,11111111111111111111111111111111,0.191552411,0.184246357,-0.007306054
5XrghbhiAELzN8pvE9Uh9CxujLVLXMmc7kzDwLapQp5nftmu91tkqV1ffdeVe5coYKcrjK5CKXDMK6m4fVQY8YZ3,3hJQ8L8XmDpgdtRbVebh3tYvMFwhtNLyc7SJBHSCfxGo,true,2025-08-29T01:34:23.000Z,kamino,Scope Price,0.000011974,true,USDT,Es9vMFrzaCERmJfrF4H2FYD4KCoNkY11McCe8BenwNYB,37393.068917,0,-37393.068917
3LfX6muQU75ARsg1hFAA1JgNQFyM32sTpJofV3dnCdZvu716Gy6Ugavb4aGw2z5cqZNciyYrMcRbGuVdHgZCKw6E,3hJQ8L8XmDpgdtRbVebh3tYvMFwhtNLyc7SJBHSCfxGo,false,2025-08-29T01:34:20.000Z,solana,Transfer,,true,SOL,11111111111111111111111111111111,0.19155241,0.191552411,1e-9
4zvgDttLZuKz2MWBbRoKvVpLQx2jCMDbszFiwK6R4QLmFWhJ2G7ZHkJTrhEt5HecaJLzTxJZiX4YjVFo3GV5mQG4,3hJQ8L8XmDpgdtRbVebh3tYvMFwhtNLyc7SJBHSCfxGo,false,2025-08-29T01:33:48.000Z,solana,Transfer,,true,SOL,11111111111111111111111111111111,0.191552409,0.19155241,1e-9
5nt3y7tWUVaU9F7sTiwQ1rBcFEHNthpia6XSFD8mx4eeY7gJg1JZw9JNQLTBBtYZHzPUdzKU6vTkRt5o8D6KTLer,3hJQ8L8XmDpgdtRbVebh3tYvMFwhtNLyc7SJBHSCfxGo,false,2025-08-29T01:33:48.000Z,solana,Transfer,,true,SOL,11111111111111111111111111111111,0.191552408,0.191552409,1e-9
4SX4MhrLeGvbYyoiEXQjZDFvaBzcxmUd6C8YzMPPfZqSNryNcoG666zPZRUBEuUUZYnL6ZsVDPhjuxCkjYU5HVHV,3hJQ8L8XmDpgdtRbVebh3tYvMFwhtNLyc7SJBHSCfxGo,false,2025-08-29T01:33:47.000Z,solana,Transfer,,true,SOL,11111111111111111111111111111111,0.191552407,0.191552408,1e-9
4GmnZa3RWPBgtN3UJcmedpkipCJ9X7KqgTYDcsakhpzd5BskUdqTgqfFv3kAr3DUZhdqz4HnXrKyVve1oeYoFrG9,3hJQ8L8XmDpgdtRbVebh3tYvMFwhtNLyc7SJBHSCfxGo,false,2025-08-29T01:33:47.000Z,solana,Transfer,,true,SOL,11111111111111111111111111111111,0.191552406,0.191552407,1e-9
4NTTkaNjUSN5dxZjxEn4z1MYTtSh8voJcVqaMfdaVStbNNJKPNuhrDN6zd9SjqfmpoAp4eMx8LP71KcZ9RKS25a3,3hJQ8L8XmDpgdtRbVebh3tYvMFwhtNLyc7SJBHSCfxGo,true,2025-08-29T01:33:37.000Z,kamino,Scope Price,0.000109258,true,SOL,11111111111111111111111111111111,64.232475104,0.191552406,-64.040922698
5bn6RoRBpJ3JNVr3WxZ3CgwibH289YwRSZEH9XghjpWYpWKKDE4UD3pg8tiYHGUUhgS8ETnKDHcZQCkNBSxvVs48,3hJQ8L8XmDpgdtRbVebh3tYvMFwhtNLyc7SJBHSCfxGo,false,2025-08-29T00:05:24.000Z,solana,Transfer,,true,SOL,11111111111111111111111111111111,64.232475103,64.232475104,1e-9
5tBREPgDCdVnJyBdDBcn95K1ELedzikTmwzgZcScTozowRCmvvex2vnRv5sUipMagtDyCB2PtF7Dchjn4w9jr6cY,3hJQ8L8XmDpgdtRbVebh3tYvMFwhtNLyc7SJBHSCfxGo,true,2025-08-28T14:42:47.000Z,kamino,Swap,0.000056225,true,SOL,11111111111111111111111111111111,0.258885284,64.232475103,63.973589819
5tBREPgDCdVnJyBdDBcn95K1ELedzikTmwzgZcScTozowRCmvvex2vnRv5sUipMagtDyCB2PtF7Dchjn4w9jr6cY,3hJQ8L8XmDpgdtRbVebh3tYvMFwhtNLyc7SJBHSCfxGo,true,2025-08-28T14:42:47.000Z,kamino,Swap,0.000056225,true,PYTH,HZ1JovNiVvGrGNiiYvEozEVgZ58xaU3RKwX8eACQBCt3,512109,431584,-80525
5Zys7EsjM59wiYyEJVnCQRXVhHFBFFK9gUx4t1MjHpq3bWeL3yDVwuHnEB8PsWvSxWBdjj3Wjv2D7wAPCEVuSGLq,3hJQ8L8XmDpgdtRbVebh3tYvMFwhtNLyc7SJBHSCfxGo,true,2025-08-28T14:41:29.000Z,kamino,Swap,0.000017907,true,SOL,11111111111111111111111111111111,0.258903191,0.258885284,-0.000017907
5Zys7EsjM59wiYyEJVnCQRXVhHFBFFK9gUx4t1MjHpq3bWeL3yDVwuHnEB8PsWvSxWBdjj3Wjv2D7wAPCEVuSGLq,3hJQ8L8XmDpgdtRbVebh3tYvMFwhtNLyc7SJBHSCfxGo,true,2025-08-28T14:41:29.000Z,kamino,Swap,0.000017907,true,PYTH,HZ1JovNiVvGrGNiiYvEozEVgZ58xaU3RKwX8eACQBCt3,700000,512109,-187891
5Zys7EsjM59wiYyEJVnCQRXVhHFBFFK9gUx4t1MjHpq3bWeL3yDVwuHnEB8PsWvSxWBdjj3Wjv2D7wAPCEVuSGLq,3hJQ8L8XmDpgdtRbVebh3tYvMFwhtNLyc7SJBHSCfxGo,true,2025-08-28T14:41:29.000Z,kamino,Swap,0.000017907,true,USDT,Es9vMFrzaCERmJfrF4H2FYD4KCoNkY11McCe8BenwNYB,5998.340746,37393.068917,31394.728170999995
2jUP7LJvg2KDXKUx9ndXrqFUd1ba1zh3GqGbDBmMZ4ddngSXAuwfGW7cgLFij3TSfBTWaAVueLpJEFRAUJsrd8Ft,3hJQ8L8XmDpgdtRbVebh3tYvMFwhtNLyc7SJBHSCfxGo,false,2025-08-28T14:24:09.000Z,solana,Transfer,,true,SOL,11111111111111111111111111111111,0.258893191,0.258903191,0.00001
6QEhsfr4Z1Wfk7kWKKWMz6RooTczv4wCdSnU9gMCkAr5hstF48ExmfbLakYzv8DL4BPb38kQgQo5EG7spGGPYmv,3hJQ8L8XmDpgdtRbVebh3tYvMFwhtNLyc7SJBHSCfxGo,false,2025-08-28T14:24:01.000Z,solana,Transfer,,true,SOL,11111111111111111111111111111111,0.258893187,0.258893191,4e-9
5XRzcRD4mjf5YvtAgTxTnBxgEjZcsFyzNmyQ8cfJTpJcsLYH3qP6M79niXsPPF8PTxGDKVKCTm1ZG4UuLbx5g12V,3hJQ8L8XmDpgdtRbVebh3tYvMFwhtNLyc7SJBHSCfxGo,false,2025-08-28T14:24:01.000Z,solana,Transfer,,true,SOL,11111111111111111111111111111111,0.258893185,0.258893187,2e-9
2mgsK6paCDc8Zisvk2ZFrQhwYxCpb8B4y4EvAthKWPLEbm3vPk8qbqpJjCAdQuzwkSoKjoWxjBCZ6D6MNeRPodH9,3hJQ8L8XmDpgdtRbVebh3tYvMFwhtNLyc7SJBHSCfxGo,false,2025-08-28T14:24:01.000Z,solana,Transfer,,true,SOL,11111111111111111111111111111111,0.258893179,0.258893185,6e-9
2ojeGbYdKaKYjFBbNp93tH5EonaqhbrynKRyg6PAtavipsMb8Zof9KBbp2QjuehmegkQb6jjiA7yoACCoPzTh2uP,3hJQ8L8XmDpgdtRbVebh3tYvMFwhtNLyc7SJBHSCfxGo,false,2025-08-28T14:24:01.000Z,solana,Transfer,,true,SOL,11111111111111111111111111111111,0.258893171,0.258893179,8e-9
uuGv9jNyRcYVn414RrY5Ghd7miSz6DytDvGnnbZGy8wQyRdyD2DQaFKzzUQe1Yb38MYz9wFeEzuisGNQYmhizs7,3hJQ8L8XmDpgdtRbVebh3tYvMFwhtNLyc7SJBHSCfxGo,false,2025-08-28T14:22:38.000Z,,,,true,USDT,Es9vMFrzaCERmJfrF4H2FYD4KCoNkY11McCe8BenwNYB,5998.333745,5998.340746,0.007000999999945634
B96HsuzTGzVUbw84Mn8EfVH12WNP4e5omfqnLKhqEi1ofD3X4SgCMshixkGJvrrAB5TVtFkFhuQArMh8uUw9mJ3,3hJQ8L8XmDpgdtRbVebh3tYvMFwhtNLyc7SJBHSCfxGo,true,2025-08-28T14:22:34.000Z,solana,Transfer,0.000079994,true,SOL,11111111111111111111111111111111,0.258973165,0.258893171,-0.000079994
B96HsuzTGzVUbw84Mn8EfVH12WNP4e5omfqnLKhqEi1ofD3X4SgCMshixkGJvrrAB5TVtFkFhuQArMh8uUw9mJ3,3hJQ8L8XmDpgdtRbVebh3tYvMFwhtNLyc7SJBHSCfxGo,true,2025-08-28T14:22:34.000Z,solana,Transfer,0.000079994,true,USDT,Es9vMFrzaCERmJfrF4H2FYD4KCoNkY11McCe8BenwNYB,12998.333745,5998.333745,-7000
3DeonLoSGwv9eUbHvnqGHueHU3LrJ4517Xuphrc8pctuVgPEonZsvHjJHDUNjggSJ4dXngEF5ouhg2A5GhMACDYF,3hJQ8L8XmDpgdtRbVebh3tYvMFwhtNLyc7SJBHSCfxGo,true,2025-08-28T14:17:38.000Z,kamino,Limit Order,0.000083651,true,SOL,11111111111111111111111111111111,0.259056816,0.258973165,-0.000083651
3DeonLoSGwv9eUbHvnqGHueHU3LrJ4517Xuphrc8pctuVgPEonZsvHjJHDUNjggSJ4dXngEF5ouhg2A5GhMACDYF,3hJQ8L8XmDpgdtRbVebh3tYvMFwhtNLyc7SJBHSCfxGo,true,2025-08-28T14:17:38.000Z,kamino,Limit Order,0.000083651,true,USDT,Es9vMFrzaCERmJfrF4H2FYD4KCoNkY11McCe8BenwNYB,1.38976,12998.333745,12996.943985
3DeonLoSGwv9eUbHvnqGHueHU3LrJ4517Xuphrc8pctuVgPEonZsvHjJHDUNjggSJ4dXngEF5ouhg2A5GhMACDYF,3hJQ8L8XmDpgdtRbVebh3tYvMFwhtNLyc7SJBHSCfxGo,true,2025-08-28T14:17:38.000Z,kamino,Limit Order,0.000083651,true,PYTH,HZ1JovNiVvGrGNiiYvEozEVgZ58xaU3RKwX8eACQBCt3,775034.590215,700000,-75034.59021499997
4kfpUEw3Qq9oujgTRbtHxHtmV6ezCMs9g996X4a2VZwBemSFKZzWdkFwkMq5ffSteeoc7Pz99aJVzpHKk4D17Fs7,3hJQ8L8XmDpgdtRbVebh3tYvMFwhtNLyc7SJBHSCfxGo,true,2025-08-28T14:17:03.000Z,kamino,Limit Order,0.000053608,false,SOL,11111111111111111111111111111111,0.259110424,0.259056816,-0.000053608
64YFU3JGfAmvoSYjrbEyK6vtUGjWw6GDTB7iw7pSchjt4edBmqs8awE3nG8bWzHtMMuzVEjP8sYDARYjPES74Tf5,3hJQ8L8XmDpgdtRbVebh3tYvMFwhtNLyc7SJBHSCfxGo,false,2025-08-28T14:09:54.000Z,solana,Transfer,,true,SOL,11111111111111111111111111111111,0.259100424,0.259110424,0.00001
31oRaD8qqsAFZVRhWDVcNWVvMWcXHU1s7BwdiVy1suQzeWU3cecW6wQNqU1VfMYpiPHbG9QTmBNfrNQyutyXiBW8,3hJQ8L8XmDpgdtRbVebh3tYvMFwhtNLyc7SJBHSCfxGo,false,2025-08-28T14:09:46.000Z,solana,Transfer,,true,SOL,11111111111111111111111111111111,0.259100416,0.259100424,8e-9
2Co9a4sNrL8NNaapY5mQ6EGck44H1gCWKWXB3QCjaEvqziSqfuVsd9rvsst1CsaDttjBBardXiPKfLYwtCRAV2tk,3hJQ8L8XmDpgdtRbVebh3tYvMFwhtNLyc7SJBHSCfxGo,false,2025-08-28T14:09:46.000Z,solana,Transfer,,true,SOL,11111111111111111111111111111111,0.259100412,0.259100416,4e-9
43d87ZhNvg54NgVCxirfdE5NaEhLoQ2x2JgcrSaUTDDCmn8vA9ewR7XsStep4yeU4FRiWbQQ2z8XvomorpTRyhWH,3hJQ8L8XmDpgdtRbVebh3tYvMFwhtNLyc7SJBHSCfxGo,false,2025-08-28T14:09:46.000Z,solana,Transfer,,true,SOL,11111111111111111111111111111111,0.259100406,0.259100412,6e-9
5zDkCy9b4cynYw8eRZW84Lu7rEaBzpEpVbsrzJs3DhnJNDeiGDDGNUezQK4VmTZng7dfngZNtkLJ8zqh5dFokzxp,3hJQ8L8XmDpgdtRbVebh3tYvMFwhtNLyc7SJBHSCfxGo,false,2025-08-28T14:09:46.000Z,solana,Transfer,,true,SOL,11111111111111111111111111111111,0.259100404,0.259100406,2e-9
2mgeR7D7efQKXWK1z9xnqPCGSitG3zXWCSJZis9DiJsdfzqYbjvZjujcroaiNXGxMZ15c61BEDMwvM1jNoPKYd24,3hJQ8L8XmDpgdtRbVebh3tYvMFwhtNLyc7SJBHSCfxGo,false,2025-08-28T14:09:39.000Z,solana,Transfer,,true,PYTH,HZ1JovNiVvGrGNiiYvEozEVgZ58xaU3RKwX8eACQBCt3,343750.590215,775034.590215,431284
2yD9FSLHykPzS2FEsQQf5XJamXU8kKtMeaFJTkmDMzNFLmoYpDxM2zXvY1J3ZqegJLQ7YGbpKk18jyzQ2qVrqAF4,3hJQ8L8XmDpgdtRbVebh3tYvMFwhtNLyc7SJBHSCfxGo,false,2025-08-28T14:08:14.000Z,solana,Transfer,,true,PYTH,HZ1JovNiVvGrGNiiYvEozEVgZ58xaU3RKwX8eACQBCt3,343650.590215,343750.590215,100
5FEGUXysb5iijFfAAMhBJqJRtou7HnAUL5Rqqdh6KzyFiBUV3yRQy6jgcG8RGyy9fF6U18NHFuKBgg242cP793KG,3hJQ8L8XmDpgdtRbVebh3tYvMFwhtNLyc7SJBHSCfxGo,false,2025-08-28T03:48:34.000Z,solana,Transfer,,true,SOL,11111111111111111111111111111111,0.259090404,0.259100404,0.00001
gCJf3BWZLZXK17iggYoHGRuUtjsWYVg7yPJpmYiBMPGfgCzYsenxy1VqsDZJLCs7PxyFPqHWJdaw9XszhkMDxk7,3hJQ8L8XmDpgdtRbVebh3tYvMFwhtNLyc7SJBHSCfxGo,false,2025-08-28T03:48:27.000Z,solana,Transfer,,true,SOL,11111111111111111111111111111111,0.259090396,0.259090404,8e-9
3naUfcH6hvtwYiRx9fuaMschhMs5Spc9Akxgwc4Zwg2VksgMWqfLupr3UTE19fyc2seGBdfzH2sG8xEXvWoZqkE7,3hJQ8L8XmDpgdtRbVebh3tYvMFwhtNLyc7SJBHSCfxGo,false,2025-08-28T03:48:27.000Z,solana,Transfer,,true,SOL,11111111111111111111111111111111,0.25909039,0.259090396,6e-9
3NztRkeRPGSEBqgh4sMR9sAnmWBUCHJ3XoFw5ecfsnHkYQrgU1Wt6D85ooXnC4BFuvFHrbKERcRNTndg1QxdhyxC,3hJQ8L8XmDpgdtRbVebh3tYvMFwhtNLyc7SJBHSCfxGo,false,2025-08-28T03:48:27.000Z,solana,Transfer,,true,SOL,11111111111111111111111111111111,0.259090388,0.25909039,2e-9
5uk3QE78HJt9dN61XEFSgwxkp3hQPSMJbprQYokavWj1gNCTidyzMqZQjeHomM1ZVj92xfAbifLY9xLvt611R5Xd,3hJQ8L8XmDpgdtRbVebh3tYvMFwhtNLyc7SJBHSCfxGo,false,2025-08-28T03:48:27.000Z,solana,Transfer,,true,SOL,11111111111111111111111111111111,0.259090384,0.259090388,4e-9
4YeYY2qXohc6Ghh1rtNacBE329SZTHFD78oL6kUvVn3camnVWWP51BLJqmBvXT8yAoqeKEvZrnxCeLZGSun6yZSi,3hJQ8L8XmDpgdtRbVebh3tYvMFwhtNLyc7SJBHSCfxGo,false,2025-08-28T03:47:11.000Z,solana,Transfer,,true,SOL,11111111111111111111111111111111,0.259090383,0.259090384,1e-9
2mPykUvKzfQe9yXNck4QHTWizJ3mj6KgEP9jqaUtCiAZmGyk2A4pUissV24KZxKF8RMocQucDq28gV9SSuNgNEXB,3hJQ8L8XmDpgdtRbVebh3tYvMFwhtNLyc7SJBHSCfxGo,true,2025-08-28T03:47:00.000Z,solana,Transfer,0.00008,true,SOL,11111111111111111111111111111111,1.259170383,0.259090383,-1.00008
4BEvb9ySfXjUhLeqiryLjW7tk2HUnVAPxTTtm6RhVE2LbKeC1hz27wNPKfP1SJnVpJjNCW1hPS9Q98NYN4PKEwQQ,3hJQ8L8XmDpgdtRbVebh3tYvMFwhtNLyc7SJBHSCfxGo,false,2025-08-28T03:46:46.000Z,solana,Transfer,,true,SOL,11111111111111111111111111111111,1.259170382,1.259170383,1e-9
2byd9UVQDG2Dj1qQDHn8mnmpLW5pRmWAco9tJaCE81e3WFo4EKrzpJed3uapWVz61b31x1vVfPC836tXwu7uYkhN,3hJQ8L8XmDpgdtRbVebh3tYvMFwhtNLyc7SJBHSCfxGo,false,2025-08-28T03:46:11.000Z,solana,Transfer,,true,SOL,11111111111111111111111111111111,1.259170381,1.259170382,1e-9
3KoSLJBcTWpUESPgYTgpKCUhDrAQGz7RnP8Gn5EDK5wNbkRT53r3cewRKqTfoyTXGUFkguVn8g1rct69KqKUBiDH,3hJQ8L8XmDpgdtRbVebh3tYvMFwhtNLyc7SJBHSCfxGo,false,2025-08-28T03:46:11.000Z,solana,Transfer,,true,SOL,11111111111111111111111111111111,1.25917038,1.259170381,1e-9
Cfxnd41eEkVdxnvYKwZsEqb188UYEFgQ8veNmisbbxVmDpXeWh5FXk9T7Z7ApBbybv9saLksNMzfcSAjWJeApHo,3hJQ8L8XmDpgdtRbVebh3tYvMFwhtNLyc7SJBHSCfxGo,true,2025-08-28T03:45:59.000Z,kamino,Swap,0.000014065,true,SOL,11111111111111111111111111111111,0.249862559,1.25917038,1.009307821
Cfxnd41eEkVdxnvYKwZsEqb188UYEFgQ8veNmisbbxVmDpXeWh5FXk9T7Z7ApBbybv9saLksNMzfcSAjWJeApHo,3hJQ8L8XmDpgdtRbVebh3tYvMFwhtNLyc7SJBHSCfxGo,true,2025-08-28T03:45:59.000Z,kamino,Swap,0.000014065,true,PYTH,HZ1JovNiVvGrGNiiYvEozEVgZ58xaU3RKwX8eACQBCt3,345450.590215,343650.590215,-1800
2qDvqgCdmtYVRzgTfAxJFNEcxhEEMPLNgSwQoucvYDeJc6h5MBnZDMxxrwSoSppLBV3d5cZhn8XWu3YG1L1MAdsz,3hJQ8L8XmDpgdtRbVebh3tYvMFwhtNLyc7SJBHSCfxGo,false,2025-08-27T13:05:10.000Z,solana,Transfer,,true,SOL,11111111111111111111111111111111,0.249852559,0.249862559,0.00001
3qPPQFaNW3H9RWHUL81VAdZkwrdiwq8kL1hAiY4CNE8VZq91Se5nYN2BjygsgEaWbRAnS9ryj35y7SHxsFwYMoYt,3hJQ8L8XmDpgdtRbVebh3tYvMFwhtNLyc7SJBHSCfxGo,false,2025-08-27T13:05:04.000Z,solana,Transfer,,true,SOL,11111111111111111111111111111111,0.249852553,0.249852559,6e-9
2sT5yHVWDqai7an8f6Wtjv7Jx1BghYMfnK37u8YvR7ktKm8N17kJFqE9yUZmtqMrx7p1FKWFSYk8joTnBVS9Rw7o,3hJQ8L8XmDpgdtRbVebh3tYvMFwhtNLyc7SJBHSCfxGo,false,2025-08-27T13:05:04.000Z,solana,Transfer,,true,SOL,11111111111111111111111111111111,0.249852551,0.249852553,2e-9
2bHUBX85KCboYzgqPV8uwJrfom289tEfF8LKenxkHietHXQWNY2rygu6xvMocv8SvpLkNxLVZFB7ynqBQLprm3m,3hJQ8L8XmDpgdtRbVebh3tYvMFwhtNLyc7SJBHSCfxGo,false,2025-08-27T13:05:04.000Z,solana,Transfer,,true,SOL,11111111111111111111111111111111,0.249852547,0.249852551,4e-9
3sd6eA33Fb8TJHije3NpJXFtJ1butfuNyoyMCcc2mymJUYdjfFbGyB6ygxDZg3sK2ZnVhE19CLWwEYTyJPyTaB4m,3hJQ8L8XmDpgdtRbVebh3tYvMFwhtNLyc7SJBHSCfxGo,false,2025-08-27T13:05:04.000Z,solana,Transfer,,true,SOL,11111111111111111111111111111111,0.249852539,0.249852547,8e-9
5zo12bVHPrMMwYygSqS3ApBxUDEh5tcVF5wHC9kaXN5pbNKRqwYkNGY4jxZccryHWTynSn82iDNt62kWi5RT9WRb,3hJQ8L8XmDpgdtRbVebh3tYvMFwhtNLyc7SJBHSCfxGo,true,2025-08-27T13:03:37.000Z,phantom,Transfer,0.000080001,true,SOL,11111111111111111111111111111111,0.25197182,0.249852539,-0.002119281
5zo12bVHPrMMwYygSqS3ApBxUDEh5tcVF5wHC9kaXN5pbNKRqwYkNGY4jxZccryHWTynSn82iDNt62kWi5RT9WRb,3hJQ8L8XmDpgdtRbVebh3tYvMFwhtNLyc7SJBHSCfxGo,true,2025-08-27T13:03:37.000Z,phantom,Transfer,0.000080001,true,USDT,Es9vMFrzaCERmJfrF4H2FYD4KCoNkY11McCe8BenwNYB,601.38976,1.38976,-600
4tviAsim9NEyWgC81YX5RsxrcrgVcCfKkb575Qro6U59WEm6kNatxRWC6Zy3HBPfXiCjfhCgQUHfebEyGWoTDoxU,3hJQ8L8XmDpgdtRbVebh3tYvMFwhtNLyc7SJBHSCfxGo,false,2025-08-27T13:03:00.000Z,solana,Transfer,,true,SOL,11111111111111111111111111111111,0.251971819,0.25197182,1e-9
4ojYf1pGUFFLnRmkA6gjDhYo3pu8eowPyVZaqTnbew3TDWpA7qnpy6PHnjqee7cbFxJ2Pan1SNW64CZDiY3cmppz,3hJQ8L8XmDpgdtRbVebh3tYvMFwhtNLyc7SJBHSCfxGo,false,2025-08-27T13:02:36.000Z,solana,Transfer,,true,SOL,11111111111111111111111111111111,0.251971818,0.251971819,1e-9
4BJaQCBjUFkjzeuHaTxeML8K7uBzBVkEUkX1VPWNhVxtmFCbnA9Qh5tPUAJapKRNGrWinYC24tWTeo2Re7gXKZGK,3hJQ8L8XmDpgdtRbVebh3tYvMFwhtNLyc7SJBHSCfxGo,false,2025-08-27T13:02:19.000Z,solana,Transfer,,true,SOL,11111111111111111111111111111111,0.251971817,0.251971818,1e-9
558ND9Jy4URRFTDX6MLyJR4xSHLXeqEjR6nYwt9RKhWfMSQpFXmrRMMcmYTaVLMJHCpYKaoodFmokLcgzgTjY34Z,3hJQ8L8XmDpgdtRbVebh3tYvMFwhtNLyc7SJBHSCfxGo,false,2025-08-27T13:02:17.000Z,solana,Transfer,,true,SOL,11111111111111111111111111111111,0.251971816,0.251971817,1e-9
4vmuv6z6amPXYyo9Su4ZR7JpNLaHPGWsAkzor6ATqXPbC9rQoRiDevr9ZshaTvi2dqGcgStccg4uzenaMr5SBfpi,3hJQ8L8XmDpgdtRbVebh3tYvMFwhtNLyc7SJBHSCfxGo,false,2025-08-27T13:02:17.000Z,solana,Transfer,,true,SOL,11111111111111111111111111111111,0.251971815,0.251971816,1e-9
2qc7noxwxWAivR1J58M4EhasGvkASqf1xrV7WT6Mj9EVXcBYpTAMiAbEbxECUT3wU8LjUsGzLXeWdkFmyLFMGkNU,3hJQ8L8XmDpgdtRbVebh3tYvMFwhtNLyc7SJBHSCfxGo,true,2025-08-27T13:02:02.000Z,kamino,Limit Order,0.000016205,true,SOL,11111111111111111111111111111111,0.25198802,0.251971815,-0.000016205
2qc7noxwxWAivR1J58M4EhasGvkASqf1xrV7WT6Mj9EVXcBYpTAMiAbEbxECUT3wU8LjUsGzLXeWdkFmyLFMGkNU,3hJQ8L8XmDpgdtRbVebh3tYvMFwhtNLyc7SJBHSCfxGo,true,2025-08-27T13:02:02.000Z,kamino,Limit Order,0.000016205,true,USDT,Es9vMFrzaCERmJfrF4H2FYD4KCoNkY11McCe8BenwNYB,78.876477,601.38976,522.513283
2qc7noxwxWAivR1J58M4EhasGvkASqf1xrV7WT6Mj9EVXcBYpTAMiAbEbxECUT3wU8LjUsGzLXeWdkFmyLFMGkNU,3hJQ8L8XmDpgdtRbVebh3tYvMFwhtNLyc7SJBHSCfxGo,true,2025-08-27T13:02:02.000Z,kamino,Limit Order,0.000016205,true,PYTH,HZ1JovNiVvGrGNiiYvEozEVgZ58xaU3RKwX8eACQBCt3,350000.590215,345450.590215,-4550
8cyEXcMBPH87Gf9Hutd1B4h73daMEtvo7LbAmXvccr2Xb9rH2RNC3dzT7om7ibx9Zq9kwDauTo11eF119xLHXHa,3hJQ8L8XmDpgdtRbVebh3tYvMFwhtNLyc7SJBHSCfxGo,false,2025-08-18T03:10:20.000Z,solana,Transfer,,true,SOL,11111111111111111111111111111111,0.25197802,0.25198802,0.00001
X8uv1pGGbrTrPZ8Mzd6e6pQjGckGfQdcKY9ahgEX1xp891PnEjupA4Gzn1NCiSfkNYBFDyEVdqQQBbFmfX9ribp,3hJQ8L8XmDpgdtRbVebh3tYvMFwhtNLyc7SJBHSCfxGo,false,2025-08-18T03:10:10.000Z,solana,Transfer,,true,SOL,11111111111111111111111111111111,0.251978014,0.25197802,6e-9
4rjuMqeCeDizqrhox7vjFkqeGojkYpstadci3UQSy12MDQh2hLJyA2R35KuZB2TbvURTjo7Suyxv2TszZhtuR448,3hJQ8L8XmDpgdtRbVebh3tYvMFwhtNLyc7SJBHSCfxGo,false,2025-08-18T03:10:10.000Z,solana,Transfer,,true,SOL,11111111111111111111111111111111,0.251978006,0.251978014,8e-9
3RK5pXrxvpGs2Zq7qcRjVPUHhcGUrArmowUtZXUvH66wHFvbATT9zCvZuurUbqsTKwfu72eXcjUb9Vtjq7bqHQ3Q,3hJQ8L8XmDpgdtRbVebh3tYvMFwhtNLyc7SJBHSCfxGo,false,2025-08-18T03:10:10.000Z,solana,Transfer,,true,SOL,11111111111111111111111111111111,0.251978002,0.251978006,4e-9
5EMTqvLqefe2dJKQM3K9whfvNpUUAT6KybUZfxrx6DmsZCqa7eKF69Rvf7nQRNFSGZtWWK5uQS2dQpT7aUriew6J,3hJQ8L8XmDpgdtRbVebh3tYvMFwhtNLyc7SJBHSCfxGo,false,2025-08-18T03:10:10.000Z,solana,Transfer,,true,SOL,11111111111111111111111111111111,0.251978,0.251978002,2e-9
3XidpY7ZCM3PdowhFgUEvSKCYq9aqiWb8q35ivQxFQEyHNGMtXbbifxGYiVJ9QvwXWqjTxAmGuamTFGoeNvDAjvH,3hJQ8L8XmDpgdtRbVebh3tYvMFwhtNLyc7SJBHSCfxGo,false,2025-08-18T03:09:23.000Z,solana,Transfer,,true,SOL,11111111111111111111111111111111,0.251968,0.251978,0.00001
61FmnnaKve8zRBV16b2RwWi3Aa5wV1JaXfR1MJumhVw4Ggr8qWtqRafKCnks14vREfrSXtCS69TewruvVeHYvhkt,3hJQ8L8XmDpgdtRbVebh3tYvMFwhtNLyc7SJBHSCfxGo,false,2025-08-18T03:09:15.000Z,solana,Transfer,,true,SOL,11111111111111111111111111111111,0.251967992,0.251968,8e-9
3bR3YYCLwyybqU1D3mZ9EBXb48AJyVqKtQkYDZmBpSFd8e2aGLLjowL8y4SsSZ7L7FQQ1w6yHCwwVyz3ihEnezkF,3hJQ8L8XmDpgdtRbVebh3tYvMFwhtNLyc7SJBHSCfxGo,false,2025-08-18T03:09:15.000Z,solana,Transfer,,true,SOL,11111111111111111111111111111111,0.251967988,0.251967992,4e-9
4NQeE7Vre7VvGaZPGhaCQSZppS9NJAqyBAkih37YoHy6a6P225eyoPRveGQ38t5ayp6JzcvWt8kiYBWLexcz5jyd,3hJQ8L8XmDpgdtRbVebh3tYvMFwhtNLyc7SJBHSCfxGo,false,2025-08-18T03:09:15.000Z,solana,Transfer,,true,SOL,11111111111111111111111111111111,0.251967982,0.251967988,6e-9
34y4TmaAizUdbqYRbx8FRcnotQ5EFm6AWY85s3KM4aNMNNfmMx99KottLzZB1EeVdKVZui34Pg4BxzFQmHH6L74v,3hJQ8L8XmDpgdtRbVebh3tYvMFwhtNLyc7SJBHSCfxGo,false,2025-08-18T03:09:15.000Z,solana,Transfer,,true,SOL,11111111111111111111111111111111,0.25196798,0.251967982,2e-9
2j7y6spGa3fgufc8iTXCDYn8WVGEN1UomcXmPz9sXeFDKURRNVC3oTN2GMxnge35dmZmbhSAN3EVAFX1NfPZctRu,3hJQ8L8XmDpgdtRbVebh3tYvMFwhtNLyc7SJBHSCfxGo,false,2025-08-18T03:08:54.000Z,,,,true,USDT,Es9vMFrzaCERmJfrF4H2FYD4KCoNkY11McCe8BenwNYB,78.876188,78.876477,0.00028899999999509873
3AG6R65C23vEUBVzezVjK7TEXQHCTNqnT75HK7kJa8CZPYqsefMKF7Er2ujdWQTUxxGR3gpTPEC116trAfEa5WPa,3hJQ8L8XmDpgdtRbVebh3tYvMFwhtNLyc7SJBHSCfxGo,true,2025-08-18T03:08:44.000Z,solana,Transfer,0.000079994,true,SOL,11111111111111111111111111111111,0.252047974,0.25196798,-0.000079994
3AG6R65C23vEUBVzezVjK7TEXQHCTNqnT75HK7kJa8CZPYqsefMKF7Er2ujdWQTUxxGR3gpTPEC116trAfEa5WPa,3hJQ8L8XmDpgdtRbVebh3tYvMFwhtNLyc7SJBHSCfxGo,true,2025-08-18T03:08:44.000Z,solana,Transfer,0.000079994,true,USDT,Es9vMFrzaCERmJfrF4H2FYD4KCoNkY11McCe8BenwNYB,2973.168988,78.876188,-2894.2927999999997
3muJHg3xgJ7gCckb1SoGtrGY4BaqFHfvExXgQRY6Y1pCSJVbQW22EVauqopJCjNMA2PsWD7o4sVqPo9LA6pUaZCH,3hJQ8L8XmDpgdtRbVebh3tYvMFwhtNLyc7SJBHSCfxGo,false,2025-08-16T12:43:22.000Z,,,,true,USDT,Es9vMFrzaCERmJfrF4H2FYD4KCoNkY11McCe8BenwNYB,2973.167989,2973.168988,0.000998999999865191
3WfFTDvo8x899rofBuKuV27XBhRgXW5xfdf7HhN1cM4rk2X45DCuYzRDdgusLfqmTWjiofT2ukQv47miuvKVhv5m,3hJQ8L8XmDpgdtRbVebh3tYvMFwhtNLyc7SJBHSCfxGo,true,2025-08-16T12:43:13.000Z,solana,Transfer,0.000079994,true,SOL,11111111111111111111111111111111,0.252127968,0.252047974,-0.000079994
3WfFTDvo8x899rofBuKuV27XBhRgXW5xfdf7HhN1cM4rk2X45DCuYzRDdgusLfqmTWjiofT2ukQv47miuvKVhv5m,3hJQ8L8XmDpgdtRbVebh3tYvMFwhtNLyc7SJBHSCfxGo,true,2025-08-16T12:43:13.000Z,solana,Transfer,0.000079994,true,USDT,Es9vMFrzaCERmJfrF4H2FYD4KCoNkY11McCe8BenwNYB,12972.167989,2973.167989,-9999
yLZHfKFUo65E46FNfYjS2mg4EspJFQiBT8um77Rihw7B7bN37SjK5hJd6aiTnQBxyRLvkfwF2dkDhGxLSuQAyvM,3hJQ8L8XmDpgdtRbVebh3tYvMFwhtNLyc7SJBHSCfxGo,false,2025-08-16T12:38:35.000Z,,,,true,USDT,Es9vMFrzaCERmJfrF4H2FYD4KCoNkY11McCe8BenwNYB,12972.167889,12972.167989,0.00009999999929277692
uUiprjjvxafoN8DvYrBpCtkCyQmEmeZkTPAoDGaBXPUZkSYbmPGoo1E6LEWmJiZxJKAQqbZ74mJ3Xwq7YY3xWzp,3hJQ8L8XmDpgdtRbVebh3tYvMFwhtNLyc7SJBHSCfxGo,true,2025-08-16T12:38:26.000Z,solana,Transfer,0.000079994,true,SOL,11111111111111111111111111111111,0.252207962,0.252127968,-0.000079994
uUiprjjvxafoN8DvYrBpCtkCyQmEmeZkTPAoDGaBXPUZkSYbmPGoo1E6LEWmJiZxJKAQqbZ74mJ3Xwq7YY3xWzp,3hJQ8L8XmDpgdtRbVebh3tYvMFwhtNLyc7SJBHSCfxGo,true,2025-08-16T12:38:26.000Z,solana,Transfer,0.000079994,true,USDT,Es9vMFrzaCERmJfrF4H2FYD4KCoNkY11McCe8BenwNYB,12973.167889,12972.167889,-1
3LH458rhpZuNmMpr9XVZJBRP3KyceJwkgAe9ECCR57PT3gMMex8nzGKJzA856r6Kyy79dKRdPyfEac4GnQwwVnzD,3hJQ8L8XmDpgdtRbVebh3tYvMFwhtNLyc7SJBHSCfxGo,true,2025-08-16T10:55:30.000Z,pyth,Express Relay,0.000020402,true,PYTH,HZ1JovNiVvGrGNiiYvEozEVgZ58xaU3RKwX8eACQBCt3,440520.590215,350000.590215,-90520
3LH458rhpZuNmMpr9XVZJBRP3KyceJwkgAe9ECCR57PT3gMMex8nzGKJzA856r6Kyy79dKRdPyfEac4GnQwwVnzD,3hJQ8L8XmDpgdtRbVebh3tYvMFwhtNLyc7SJBHSCfxGo,true,2025-08-16T10:55:30.000Z,pyth,Express Relay,0.000020402,true,USDT,Es9vMFrzaCERmJfrF4H2FYD4KCoNkY11McCe8BenwNYB,2000.800904,12973.167889,10972.366985
5qVadSyriHQdZYd6QfAenejYEUP2LLaVfpXSjEMVAFwz2cYC56adW3RdoabP34HKoQWTj1gLxJrSyin4V4kQ1Y3d,3hJQ8L8XmDpgdtRbVebh3tYvMFwhtNLyc7SJBHSCfxGo,false,2025-08-12T06:12:03.000Z,solana,Transfer,,true,SOL,11111111111111111111111111111111,0.252197962,0.252207962,0.00001
rM9vjeFrFtWusQzhAs3XMU8FCtEjCFSgAn8BHvATzhWxQRneX11keg4p69SbqirPRPjVYBD8BAUEywMxLbCzc9y,3hJQ8L8XmDpgdtRbVebh3tYvMFwhtNLyc7SJBHSCfxGo,false,2025-08-12T06:11:55.000Z,solana,Transfer,,true,SOL,11111111111111111111111111111111,0.25219796,0.252197962,2e-9
A3bbLf66CAR18TCqk9CpMx1outCHixWBasocFD9obaSAZHCEapib56Yark2jSXMH3iaKSHXy1dXE7582qYfV17E,3hJQ8L8XmDpgdtRbVebh3tYvMFwhtNLyc7SJBHSCfxGo,false,2025-08-12T06:11:55.000Z,solana,Transfer,,true,SOL,11111111111111111111111111111111,0.252197952,0.25219796,8e-9
4mSED3ZDV3VChU25w3mS2pbQuJA3RveUQ1jzbZ8PcL7WiFfZMxSPKLPszmRKbYv8Df2HAgnoRjJkuBSta44TK8a8,3hJQ8L8XmDpgdtRbVebh3tYvMFwhtNLyc7SJBHSCfxGo,false,2025-08-12T06:11:55.000Z,solana,Transfer,,true,SOL,11111111111111111111111111111111,0.252197946,0.252197952,6e-9
2f3pvH7ev19b6ce3ZS5ZJgfTyL5pCDq2C7ZP1vVonqNAHDCvt8B1zJMwYN838JruA7nq45CSLHwAVHb93gDCdmnW,3hJQ8L8XmDpgdtRbVebh3tYvMFwhtNLyc7SJBHSCfxGo,false,2025-08-12T06:11:55.000Z,solana,Transfer,,true,SOL,11111111111111111111111111111111,0.252197942,0.252197946,4e-9
4NNLbzW8kB1Qak1WU3jzdGKnzAHiXekoZ85qabGwGxB8Ziw3jxDokbBD87SvJBW644dfjFTnfTR2TSnWhRazRwsi,3hJQ8L8XmDpgdtRbVebh3tYvMFwhtNLyc7SJBHSCfxGo,true,2025-08-12T06:10:24.000Z,solana,Transfer,0.00008,true,SOL,11111111111111111111111111111111,9.252277942,0.252197942,-9.00008
4WSMHKvacEAS8emidncUymyu2C7R4z35HpVyQdBJLtDXpdL1foazACcw2T1ZUjNrKNzv3SFVUxPdQAcgU276D54U,3hJQ8L8XmDpgdtRbVebh3tYvMFwhtNLyc7SJBHSCfxGo,false,2025-08-12T06:09:07.000Z,solana,Transfer,,true,SOL,11111111111111111111111111111111,9.252277941,9.252277942,1e-9
5J92SMLGF1k3gYP48QAQY6ewDLhfqY3RkuLYhmocpcryYEPt16oRVjfyKXKNDbcM1J5XdwszBKjGF9NN4fw85826,3hJQ8L8XmDpgdtRbVebh3tYvMFwhtNLyc7SJBHSCfxGo,false,2025-08-12T06:09:07.000Z,solana,Transfer,,true,SOL,11111111111111111111111111111111,9.25227794,9.252277941,1e-9
2Qn9b4JQAcCQbF15AJWw7qUGqhyTH2KWbKtjdZ1hMLYY8NoFshqrgttaQ6Une8DAZ7xqXo8tykNfZ3uK8DVZMJGQ,3hJQ8L8XmDpgdtRbVebh3tYvMFwhtNLyc7SJBHSCfxGo,false,2025-08-12T06:09:06.000Z,solana,Transfer,,true,SOL,11111111111111111111111111111111,9.252277939,9.25227794,1e-9
2aaC5sqyBXkZ8pQUk9JrNZeud6K5A4o8u7fM9PN13ZVZ6Dsu7Q12BtV3YKWVMy6PCkKcn55UAsmKbjDECFnVcSPh,3hJQ8L8XmDpgdtRbVebh3tYvMFwhtNLyc7SJBHSCfxGo,true,2025-08-12T06:09:00.000Z,jupiter-exchange,JupiterZ,0.000010232,true,SOL,11111111111111111111111111111111,3.418666185,9.252277939,5.833611754
2aaC5sqyBXkZ8pQUk9JrNZeud6K5A4o8u7fM9PN13ZVZ6Dsu7Q12BtV3YKWVMy6PCkKcn55UAsmKbjDECFnVcSPh,3hJQ8L8XmDpgdtRbVebh3tYvMFwhtNLyc7SJBHSCfxGo,true,2025-08-12T06:09:00.000Z,jupiter-exchange,JupiterZ,0.000010232,true,USDT,Es9vMFrzaCERmJfrF4H2FYD4KCoNkY11McCe8BenwNYB,3020.800904,2000.800904,-1020.0000000000002
3GnF2J8FtdMRXTM7nW9Vyg4E3GF1TJ7bnk44py3859UuHKBh1Pb5WrwWS6YYjUo3WDzuZ3yanZ75fN6XbuAZpsqe,3hJQ8L8XmDpgdtRbVebh3tYvMFwhtNLyc7SJBHSCfxGo,false,2025-08-01T19:56:16.000Z,solana,Transfer,,true,SOL,11111111111111111111111111111111,3.418665185,3.418666185,0.000001
XnEpUPNwh5PHCL4umNVehsz4kcyzWdStD8RcWk2fp1ZQxUBCzfzmymG9iVJCrjc8KtUmtpEq7rSXq9eGdfta92V,3hJQ8L8XmDpgdtRbVebh3tYvMFwhtNLyc7SJBHSCfxGo,false,2025-08-01T10:29:05.000Z,solana,Transfer,,true,SOL,11111111111111111111111111111111,3.418655185,3.418665185,0.00001
4V6Zztobsm8jzAveJnhwZ3wdYJShiKp39etTfssxbWspCXWpMYGTouj8MmTzwF3Sb5wzY3sBfHSvPp6o2BZR3dd5,3hJQ8L8XmDpgdtRbVebh3tYvMFwhtNLyc7SJBHSCfxGo,false,2025-08-01T10:28:56.000Z,solana,Transfer,,true,SOL,11111111111111111111111111111111,3.418655177,3.418655185,8e-9
4RygghG7SRCBTxfHFBKWZMKx2MUMBfWPsjeKDdTRFJcxSKfaoLZ1MLBnEGb8J2Mu3UCU64UcSaLufvcpNud6PSMv,3hJQ8L8XmDpgdtRbVebh3tYvMFwhtNLyc7SJBHSCfxGo,false,2025-08-01T10:28:56.000Z,solana,Transfer,,true,SOL,11111111111111111111111111111111,3.418655171,3.418655177,6e-9
5xxUwbcaao8KngVzr7DWvY4jKtzHo3dNY8SoZ4U3pqTs9hfC3G15jGCdvSBWaqvUJaS4o6tpaMFoBPABRBphVnTF,3hJQ8L8XmDpgdtRbVebh3tYvMFwhtNLyc7SJBHSCfxGo,false,2025-08-01T10:28:56.000Z,solana,Transfer,,true,SOL,11111111111111111111111111111111,3.418655169,3.418655171,2e-9
5JicX58xPLQoKBhXojCooQpuTwVa6eVGTJZ49HKcQTMYjcedqFdWMedRRVBU5R3KXtS5Y2BuPnXm5cSAUdEunUZD,3hJQ8L8XmDpgdtRbVebh3tYvMFwhtNLyc7SJBHSCfxGo,false,2025-08-01T10:28:56.000Z,solana,Transfer,,true,SOL,11111111111111111111111111111111,3.418655165,3.418655169,4e-9
C6qS8vRJWi5UnuMtrpfmWHSRHL6JNFCHtHg6GjeHUXc9kwX32knFraUYsrD2bpACDFLbTt9KswGLbtEkYhs6Dd2,3hJQ8L8XmDpgdtRbVebh3tYvMFwhtNLyc7SJBHSCfxGo,false,2025-08-01T10:27:29.000Z,solana,Transfer,,true,PYTH,HZ1JovNiVvGrGNiiYvEozEVgZ58xaU3RKwX8eACQBCt3,354910.590215,440520.590215,85610
kC7nnmgCzBYGybgf67S6jNTiQtmyDSXBzBPuDUhR1Aberpf1iMiC2VFCfv1ZWnmevVEgsrvCiKMjy2rnhSPBuji,3hJQ8L8XmDpgdtRbVebh3tYvMFwhtNLyc7SJBHSCfxGo,false,2025-07-29T14:37:11.000Z,solana,Transfer,,true,SOL,11111111111111111111111111111111,3.418654165,3.418655165,0.000001
2Sg51pwpsHd7FYrcpgFMeV7PsMo8zt5DEvT83KoSwzkHUvKF4mek55qPuygJ2HXDcse59NChYeMwuk57RmFbrN7w,3hJQ8L8XmDpgdtRbVebh3tYvMFwhtNLyc7SJBHSCfxGo,false,2025-07-29T12:15:13.000Z,solana,Transfer,,true,SOL,11111111111111111111111111111111,3.418654164,3.418654165,1e-9
32oht36DWBcxGk1RpkH5rmRmkbA8yvMDxZEWGiJtdsRLW1eH7LF1nKw3qWZj7Cbh8zUYXkv17fmsLGB4BXMHsGYT,3hJQ8L8XmDpgdtRbVebh3tYvMFwhtNLyc7SJBHSCfxGo,false,2025-07-29T04:11:08.000Z,,,,true,USDT,Es9vMFrzaCERmJfrF4H2FYD4KCoNkY11McCe8BenwNYB,3020.800903,3020.800904,0.0000010000003385357559
2xwyXx4npYEgHHNPy3mB9nkiiSLR7ojbKdibjgPzwyyUzVxpLVVTRJNiXjyyLVBWK4DjezhZ17ZTj66NRYCeJur8,3hJQ8L8XmDpgdtRbVebh3tYvMFwhtNLyc7SJBHSCfxGo,false,2025-07-29T04:11:07.000Z,solana,Transfer,,true,SOL,11111111111111111111111111111111,3.418644164,3.418654164,0.00001
3e1vgRoGKVMnEL5bgWYuUctMbgqvaBShQjVsvtRXyfpUukwg93nwBDrd5Hs2gPCtK6Y7wpqHGE8jxrjSK8WvcPhs,3hJQ8L8XmDpgdtRbVebh3tYvMFwhtNLyc7SJBHSCfxGo,false,2025-07-29T04:10:59.000Z,solana,Transfer,,true,SOL,11111111111111111111111111111111,3.418644156,3.418644164,8e-9
45KgPAxWZz7XDkv7ncxL6RBHWvzbfy1YEPcrGrxfSptGqvgWo1A1bVJNoztEKyjmBYEV338TdCVRZ2RcQHCyuwoC,3hJQ8L8XmDpgdtRbVebh3tYvMFwhtNLyc7SJBHSCfxGo,false,2025-07-29T04:10:59.000Z,solana,Transfer,,true,SOL,11111111111111111111111111111111,3.41864415,3.418644156,6e-9
5gMB41p29zCfjNwrYayLLkbc1oFvRoTd4cPpSV9Y4vwcGmJ1ZmKvpCRakbDFDwpYc7MsK5j9YU9MYat1MLsDT1Av,3hJQ8L8XmDpgdtRbVebh3tYvMFwhtNLyc7SJBHSCfxGo,false,2025-07-29T04:10:59.000Z,solana,Transfer,,true,SOL,11111111111111111111111111111111,3.418644146,3.41864415,4e-9
872PsgWRWip7waVTedm5xwBpAvMqYnxL2WgkWfnAMGGCvZDxrMGZPdA2nLRAUTxQwCpfuArQ2DzwDACNvbv9ced,3hJQ8L8XmDpgdtRbVebh3tYvMFwhtNLyc7SJBHSCfxGo,false,2025-07-29T04:10:59.000Z,solana,Transfer,,true,SOL,11111111111111111111111111111111,3.418644144,3.418644146,2e-9
3bi5eX4zzPCwbLXPbZMfW2Wz9S2iRkAUCYauYzHED1kr4yCFA61KPdqYDJ3A91qu2jE2gNqua12hSN3Y6qJ144Z,3hJQ8L8XmDpgdtRbVebh3tYvMFwhtNLyc7SJBHSCfxGo,false,2025-07-29T04:10:40.000Z,,,,true,USDT,Es9vMFrzaCERmJfrF4H2FYD4KCoNkY11McCe8BenwNYB,3020.800783,3020.800903,0.00011999999969702912
3meuGJu5UGhRuwaLH2Nz1BaKJGYzWPKzjeAp7smnHxDpxWW48YtEtH3H7DEAqVSTmcmG1bhy5ZrRBP44EJjDCXQi,3hJQ8L8XmDpgdtRbVebh3tYvMFwhtNLyc7SJBHSCfxGo,false,2025-07-29T03:33:20.000Z,,,,true,USDT,Es9vMFrzaCERmJfrF4H2FYD4KCoNkY11McCe8BenwNYB,3020.800782,3020.800783,0.0000010000003385357559
4FeE28P1AswjeQnyvzUDfJRAaomKKbciePEGqb8w1mhR7u3CqphQrhzv2JJMU41UQCCxPJpWKZtKK2vTEx834fZr,3hJQ8L8XmDpgdtRbVebh3tYvMFwhtNLyc7SJBHSCfxGo,false,2025-07-29T03:33:19.000Z,solana,Transfer,,true,SOL,11111111111111111111111111111111,3.418634144,3.418644144,0.00001
24AjyUuqsKM6ZNikEzvL4AtSjPdTcsXLVHvwCYKvK7S4S7DzXKPvpdZVYSvrYez6Ja3tF34A8aQohEmMW3UVTdda,3hJQ8L8XmDpgdtRbVebh3tYvMFwhtNLyc7SJBHSCfxGo,false,2025-07-29T03:33:15.000Z,solana,Transfer,,true,SOL,11111111111111111111111111111111,3.418634142,3.418634144,2e-9
2uALQVk9DkbqpAwpe9n1fDfnus8MB7QDkyqjdqBpctKEy5QwfjkWi6Td8RugkCsM6hynY58sBwUL1MT5aoTT4Nk6,3hJQ8L8XmDpgdtRbVebh3tYvMFwhtNLyc7SJBHSCfxGo,false,2025-07-29T03:33:15.000Z,solana,Transfer,,true,SOL,11111111111111111111111111111111,3.418634136,3.418634142,6e-9
3gQ1D6xLtid3yzkBbEWbPBfF6MCG9q1myfyLsyTZEmUWj2GoaqUMNFJUfhqao56xJG5CER8VqaHxAX5xLrktbS79,3hJQ8L8XmDpgdtRbVebh3tYvMFwhtNLyc7SJBHSCfxGo,false,2025-07-29T03:33:15.000Z,solana,Transfer,,true,SOL,11111111111111111111111111111111,3.418634132,3.418634136,4e-9
eQnsmodvNNvicgf3AxyTQSemENomZt2243SAdqPmmJ4SLUgRmVQSXMcbyHBHJN28i253f4Ezw821xpZT68jGraN,3hJQ8L8XmDpgdtRbVebh3tYvMFwhtNLyc7SJBHSCfxGo,false,2025-07-29T03:33:15.000Z,solana,Transfer,,true,SOL,11111111111111111111111111111111,3.418634124,3.418634132,8e-9
2agGYhmSwFFNywW7xCAPG3Jmxu1n39GsYzE5M9MS6spWcVUzBr2YV3r5niuAJ9jRghESCGEKdxmoVTCbvX8RWKK5,3hJQ8L8XmDpgdtRbVebh3tYvMFwhtNLyc7SJBHSCfxGo,false,2025-07-29T03:32:52.000Z,,,,true,USDT,Es9vMFrzaCERmJfrF4H2FYD4KCoNkY11McCe8BenwNYB,3020.800662,3020.800782,0.00011999999969702912
iBWAU46hozq4GJA8sESafyFPMc8Gs1DTtzNUvXKxdyHP4QLcLyQ6xEXCCyA2aezr3NXuoYcucgn2yAZmTK8DTwK,3hJQ8L8XmDpgdtRbVebh3tYvMFwhtNLyc7SJBHSCfxGo,false,2025-07-29T03:11:25.000Z,,,,true,USDT,Es9vMFrzaCERmJfrF4H2FYD4KCoNkY11McCe8BenwNYB,3020.800661,3020.800662,9.99999883788405e-7
DsQDywdYWmHvku4fkgchkd5gmByS4DiUh2XaFHLYF1G9HfYS3FircUWi3E3jeTJtXz1ARnNprCvxhpbp9GUNGzb,3hJQ8L8XmDpgdtRbVebh3tYvMFwhtNLyc7SJBHSCfxGo,false,2025-07-29T03:11:24.000Z,solana,Transfer,,true,SOL,11111111111111111111111111111111,3.418624124,3.418634124,0.00001
3f6W3dktgwnkaSfQS7tdLKzud45FKYBSMye9LrcQT4r6gpVSAcacVnfQo1sgTYPCZ4skgyFxd1UdByqUnZtdLt6Y,3hJQ8L8XmDpgdtRbVebh3tYvMFwhtNLyc7SJBHSCfxGo,false,2025-07-29T03:11:19.000Z,solana,Transfer,,true,SOL,11111111111111111111111111111111,3.418624116,3.418624124,8e-9
2Wy4dCL28JYkPJU5uHYP45y7HiFBCcmV3bm4dKMkUz4HbazR64AdJQMNetVc4pbP3qyLncBZkA5dmQFfwn8irK3s,3hJQ8L8XmDpgdtRbVebh3tYvMFwhtNLyc7SJBHSCfxGo,false,2025-07-29T03:11:19.000Z,solana,Transfer,,true,SOL,11111111111111111111111111111111,3.41862411,3.418624116,6e-9
5zx8w3HqS7ViQtwSenLrzaAMH1L2LSbtVQ7EEw8Pa1Haa5TGEs9LaxynVPSpmTQU6wvkcXiamdWCAPf86AX92Gu3,3hJQ8L8XmDpgdtRbVebh3tYvMFwhtNLyc7SJBHSCfxGo,false,2025-07-29T03:11:19.000Z,solana,Transfer,,true,SOL,11111111111111111111111111111111,3.418624106,3.41862411,4e-9
2i6Uk4wGG5eR7zA11MMR7JwoJemSWh8t6Nch7m9KiLTD1Z4nLvL8sFe3gFH6g2SN6W9ufgnoERbzYeL5Awnk6SgJ,3hJQ8L8XmDpgdtRbVebh3tYvMFwhtNLyc7SJBHSCfxGo,false,2025-07-29T03:11:19.000Z,solana,Transfer,,true,SOL,11111111111111111111111111111111,3.418624104,3.418624106,2e-9
39S3m78kujFDP17qisNnJQdwrMLcenAZnMfhT4qrntVBmmZhA6Q4s83XGTxqfGKnFVJuHXYp48U1D4Wtft5Fb2wz,3hJQ8L8XmDpgdtRbVebh3tYvMFwhtNLyc7SJBHSCfxGo,false,2025-07-29T03:10:58.000Z,,,,true,USDT,Es9vMFrzaCERmJfrF4H2FYD4KCoNkY11McCe8BenwNYB,3020.800541,3020.800661,0.00012000000015177648
2QvfuVMkzBuyZLzEsk4yf6P6Top5f7PdMP5qujJX1mryCqjYnNee7nGjS19VWwomz1Mz4DoxVd3opVUWfB743Pha,3hJQ8L8XmDpgdtRbVebh3tYvMFwhtNLyc7SJBHSCfxGo,false,2025-07-29T03:09:11.000Z,,,,true,USDT,Es9vMFrzaCERmJfrF4H2FYD4KCoNkY11McCe8BenwNYB,3020.80054,3020.800541,9.99999883788405e-7
4BpgKJanTvXHSRRByBCqVAC9vjPVNwEZ1cRBZRHsgBLDD26nQLY12Pe1LW773CZ5mufg5oSJzcgFaRuFsrewu4b2,3hJQ8L8XmDpgdtRbVebh3tYvMFwhtNLyc7SJBHSCfxGo,false,2025-07-29T03:09:10.000Z,solana,Transfer,,true,SOL,11111111111111111111111111111111,3.418614104,3.418624104,0.00001
2KvQyzudNevnUDivc3s3Go4V5qV5gPKqjm51rax1WKUx2prhokqLtkYYJ5Nn4ZtB1sJ4RMs7UgW2rJUok17DLe4j,3hJQ8L8XmDpgdtRbVebh3tYvMFwhtNLyc7SJBHSCfxGo,false,2025-07-29T03:09:02.000Z,solana,Transfer,,true,SOL,11111111111111111111111111111111,3.418614096,3.418614104,8e-9
28ME8h1CG6Y1PeXJmy9sBENDo2AAyxpJt8WhSCgcaswYktdqYPE5SbRNQMQDzdCupAzu6CxQvC8HNfZWHWq5N8Z6,3hJQ8L8XmDpgdtRbVebh3tYvMFwhtNLyc7SJBHSCfxGo,false,2025-07-29T03:09:02.000Z,solana,Transfer,,true,SOL,11111111111111111111111111111111,3.41861409,3.418614096,6e-9
5anqW1QvDkF82dYGH1geUXDHhXnkmeZnKj84QYnk8Do528FPC3H5A8RdEhvjqZJ9QNRb7nEZukhCiBqVwG7bj1kR,3hJQ8L8XmDpgdtRbVebh3tYvMFwhtNLyc7SJBHSCfxGo,false,2025-07-29T03:09:02.000Z,solana,Transfer,,true,SOL,11111111111111111111111111111111,3.418614086,3.41861409,4e-9
VkwkRv2umV59BRBtmj7MsWpPUm2tkQuprKRDc7EDf7PdkTRxqSGAzPgsCXsthpFXa5uL6xY5RENMypqC9MUEQmZ,3hJQ8L8XmDpgdtRbVebh3tYvMFwhtNLyc7SJBHSCfxGo,false,2025-07-29T03:09:02.000Z,solana,Transfer,,true,SOL,11111111111111111111111111111111,3.418614084,3.418614086,2e-9
22Zd6fCEKDgEUc5v4PKSB7z1WaENeAhHNWSGCBps7cfTtS8EujbLwn6rDWAKZSBE5kjLZQYTA7ynMURfnFp866ju,3hJQ8L8XmDpgdtRbVebh3tYvMFwhtNLyc7SJBHSCfxGo,false,2025-07-29T03:08:44.000Z,,,,true,USDT,Es9vMFrzaCERmJfrF4H2FYD4KCoNkY11McCe8BenwNYB,3020.80042,3020.80054,0.00012000000015177648
35j1uVtBSEQwo4ZyRKtSmxmL4yjiBsoMewXwMqYvvkGSDZyDEH8yQzmCV699AhEDiffWTfUeuijmLFsCVDyf7yDZ,3hJQ8L8XmDpgdtRbVebh3tYvMFwhtNLyc7SJBHSCfxGo,false,2025-07-29T03:07:06.000Z,,,,true,USDT,Es9vMFrzaCERmJfrF4H2FYD4KCoNkY11McCe8BenwNYB,3020.800419,3020.80042,9.99999883788405e-7
4fTLqfsXaxihQVLQS4nwssk5yVevmnfmRzmVWKxTau5ZqhcWJ6aDveN1U9UBRYGvYiGyKPae3PXrVYz1N7vY1xZ2,3hJQ8L8XmDpgdtRbVebh3tYvMFwhtNLyc7SJBHSCfxGo,false,2025-07-29T03:07:05.000Z,solana,Transfer,,true,SOL,11111111111111111111111111111111,3.418604084,3.418614084,0.00001
3uFsWrDiLnCJmLtr7JXBkJJTbRh85nD34kwqig3dVCbv8SPop4b3SdWwpsAB5T1bXnJS2MaMttgCkCZuawUScCRk,3hJQ8L8XmDpgdtRbVebh3tYvMFwhtNLyc7SJBHSCfxGo,false,2025-07-29T03:06:56.000Z,solana,Transfer,,true,SOL,11111111111111111111111111111111,3.418604076,3.418604084,8e-9
qFTqBEYdnKTwer5RKQcXkgJcuimztHsC8xFmnnkCz5nTYXzjWZzaVXtre7tsnazxs6pG9H4apuSqsas4yAFaMqu,3hJQ8L8XmDpgdtRbVebh3tYvMFwhtNLyc7SJBHSCfxGo,false,2025-07-29T03:06:56.000Z,solana,Transfer,,true,SOL,11111111111111111111111111111111,3.41860407,3.418604076,6e-9
5aFgC3RKPBYEmTkhkZbpxDia5SYaeB5Gz567x6y5odP6QcJFju3wctXQVLjFWafmp1s1EwHiszQCSeUHrDfF6kTp,3hJQ8L8XmDpgdtRbVebh3tYvMFwhtNLyc7SJBHSCfxGo,false,2025-07-29T03:06:56.000Z,solana,Transfer,,true,SOL,11111111111111111111111111111111,3.418604066,3.41860407,4e-9
3Cram4ypULaw7icMx2qEorQGi37pwbXsCqXdfLtE5M782gd2kpzLT3mHzvPBqmo3pXY7z99kZrbFpc6dviDM9URK,3hJQ8L8XmDpgdtRbVebh3tYvMFwhtNLyc7SJBHSCfxGo,false,2025-07-29T03:06:56.000Z,solana,Transfer,,true,SOL,11111111111111111111111111111111,3.418604064,3.418604066,2e-9
2p9ehmT6PDWmKUWHLV7Xo1HnfRubf38vNnR6WWtCopm5JHbo7jNAGtzGrnDZ41toYTJqBkVVuxogNpbSVF6RtFTH,3hJQ8L8XmDpgdtRbVebh3tYvMFwhtNLyc7SJBHSCfxGo,false,2025-07-29T03:06:38.000Z,,,,true,USDT,Es9vMFrzaCERmJfrF4H2FYD4KCoNkY11McCe8BenwNYB,3020.800299,3020.800419,0.00012000000015177648
YGxUWENDnY7DWeZwxxMrCcbqwrbpjqpLBgyXwsXzGnZmyyLL4GCwtEWbrygNx54kKanbrChg9oaTWabbhmnVJqR,3hJQ8L8XmDpgdtRbVebh3tYvMFwhtNLyc7SJBHSCfxGo,false,2025-07-29T03:04:40.000Z,,,,true,USDT,Es9vMFrzaCERmJfrF4H2FYD4KCoNkY11McCe8BenwNYB,3020.800298,3020.800299,9.99999883788405e-7
5FpNuopdcVxf5JKebNLXtTJzZsqT2suXWzFvJJjFkkEiJtZq6FW4WuFATPdkXgXMvYWM6n1mYQmPLvzBu6Z4YA7T,3hJQ8L8XmDpgdtRbVebh3tYvMFwhtNLyc7SJBHSCfxGo,false,2025-07-29T03:04:39.000Z,solana,Transfer,,true,SOL,11111111111111111111111111111111,3.418594064,3.418604064,0.00001
2ehQYnj4ic3qAAaWtCwdys7sskLUdvj8QuyQq17V7yD7QUh51ERGrh37y8fCjaTsabpR8HihiMjQaqQh6ovNFiRz,3hJQ8L8XmDpgdtRbVebh3tYvMFwhtNLyc7SJBHSCfxGo,false,2025-07-29T03:04:36.000Z,solana,Transfer,,true,SOL,11111111111111111111111111111111,3.418594062,3.418594064,2e-9
2w9GXqZTLMC15jdNMTeaAw1mJEy7KFjo7ZyNAfma9DRerGKHdxwktZDQshnSjCWiTwuayWymQPyJDaubDRE8t2dz,3hJQ8L8XmDpgdtRbVebh3tYvMFwhtNLyc7SJBHSCfxGo,false,2025-07-29T03:04:36.000Z,solana,Transfer,,true,SOL,11111111111111111111111111111111,3.418594058,3.418594062,4e-9
64WiCz8gxCtYw6mZSHx6WvvwmRaMx3NA8WaL5R4ZCmoKbSfbw1xi9FpHCNDfff2aLMM8unDqa1cTaxEsqL3D1aH6,3hJQ8L8XmDpgdtRbVebh3tYvMFwhtNLyc7SJBHSCfxGo,false,2025-07-29T03:04:36.000Z,solana,Transfer,,true,SOL,11111111111111111111111111111111,3.41859405,3.418594058,8e-9
54Z638gfyLpVWEk2vuMRq4GqNYAifoTSMbWE4pMCc8o7nGTXS33pbjcBK8LeFPHBxHEMKw1ALwcWQApj9bW2KhTA,3hJQ8L8XmDpgdtRbVebh3tYvMFwhtNLyc7SJBHSCfxGo,false,2025-07-29T03:04:36.000Z,solana,Transfer,,true,SOL,11111111111111111111111111111111,3.418594044,3.41859405,6e-9
3yzegriEjaidA7baToJaNqot7MQFRTwTraLu9XpuFDYMExAo8nviVtm6VNdQp2j4exknANTobvQwQXjNNMP1JiZM,3hJQ8L8XmDpgdtRbVebh3tYvMFwhtNLyc7SJBHSCfxGo,false,2025-07-29T03:04:13.000Z,,,,true,USDT,Es9vMFrzaCERmJfrF4H2FYD4KCoNkY11McCe8BenwNYB,3020.800178,3020.800298,0.00012000000015177648
3dSjrMcWqWEuMQPak8FEFDbdpTEDXreEZ6ez2Co8kgQkmNfFJXLjGUN8D4iz3VcYv2MmLYzbZmS7qfuH7mkMMbJa,3hJQ8L8XmDpgdtRbVebh3tYvMFwhtNLyc7SJBHSCfxGo,false,2025-07-29T03:02:24.000Z,,,,true,USDT,Es9vMFrzaCERmJfrF4H2FYD4KCoNkY11McCe8BenwNYB,3020.800177,3020.800178,9.99999883788405e-7
4TjVWCQHUjWCwetpWJtk2ybaC2mucaxTSN2pRafe8gxucN12b3BjHp1dhPGus8HXv9CmnXCD23Hbd4vsxrTJ4T9E,3hJQ8L8XmDpgdtRbVebh3tYvMFwhtNLyc7SJBHSCfxGo,false,2025-07-29T03:02:23.000Z,solana,Transfer,,true,SOL,11111111111111111111111111111111,3.418584044,3.418594044,0.00001
5qhyzx8m1ULBHDxEqtvSm3WcpHXr658Paw4sdzAiZdYMqBatKYDTcnzF6bwanrReP2nEEgGRQGKiF2BnWUhYAMjM,3hJQ8L8XmDpgdtRbVebh3tYvMFwhtNLyc7SJBHSCfxGo,false,2025-07-29T03:02:17.000Z,solana,Transfer,,true,SOL,11111111111111111111111111111111,3.41858404,3.418584044,4e-9
4cAeVcdE8FMP5byEDcptssYY8YekaoUJTRnGaoH6vjE1fCN3Kgn9RJjJT2EsuXU3isF5q5vU318ckgSh2iiDHnAJ,3hJQ8L8XmDpgdtRbVebh3tYvMFwhtNLyc7SJBHSCfxGo,false,2025-07-29T03:02:17.000Z,solana,Transfer,,true,SOL,11111111111111111111111111111111,3.418584032,3.41858404,8e-9
3A6wYQ8NGmUqV8W4Z9KhpF7jxrrtz6uyYHVLoxtd74SoS9h3rwHmmmbiyFAEHMjLeYFJWACYiiw1xkUoHKvwyhW,3hJQ8L8XmDpgdtRbVebh3tYvMFwhtNLyc7SJBHSCfxGo,false,2025-07-29T03:02:17.000Z,solana,Transfer,,true,SOL,11111111111111111111111111111111,3.418584026,3.418584032,6e-9
Fkyh8YHL9b8DUMNtVKcNSWeaqW6Rn8iRMuywaCaDwr8J7Hg4dN6YYnHQuV5SFy1oc6E7jfbBrVbejSiDJPVftvn,3hJQ8L8XmDpgdtRbVebh3tYvMFwhtNLyc7SJBHSCfxGo,false,2025-07-29T03:02:17.000Z,solana,Transfer,,true,SOL,11111111111111111111111111111111,3.418584024,3.418584026,2e-9
49cMygTPGpf1sNvz6TscUataur4FjyNn49G8WRQfSVSjMeHgBp9n7MDw7UpWK3Mu6j5yLPmVEGVUUpboqwm4vnnF,3hJQ8L8XmDpgdtRbVebh3tYvMFwhtNLyc7SJBHSCfxGo,false,2025-07-29T03:01:57.000Z,,,,true,USDT,Es9vMFrzaCERmJfrF4H2FYD4KCoNkY11McCe8BenwNYB,3020.800057,3020.800177,0.00012000000015177648
24ULGEALc4wTmek8BczmXuhy9qLaH1ap18i5m9qk2nZ1Q9MYbW6GCKGzMSYbUXSFhc1pUTPKnJE3Ru291HQP6rML,3hJQ8L8XmDpgdtRbVebh3tYvMFwhtNLyc7SJBHSCfxGo,false,2025-07-29T03:00:24.000Z,,,,true,USDT,Es9vMFrzaCERmJfrF4H2FYD4KCoNkY11McCe8BenwNYB,3020.800056,3020.800057,9.99999883788405e-7
2UGuSpPAkgoBZZUxfsmw9k2R3Zmvu5mVXPnLAEiRuWuS9p9c8tbEMYkkLWAdymBewp9jL9g1uLq6bqRdjEoe7igt,3hJQ8L8XmDpgdtRbVebh3tYvMFwhtNLyc7SJBHSCfxGo,false,2025-07-29T03:00:23.000Z,solana,Transfer,,true,SOL,11111111111111111111111111111111,3.418574024,3.418584024,0.00001
3NJKVM6FmV8yqiZ8fXKB7QknJgB5FVWzJiyZ4Gv2AM2iMA1rRD3e5JQgk6tEeREqQsyc52Mzfm4d2NmXZMSTGdZd,3hJQ8L8XmDpgdtRbVebh3tYvMFwhtNLyc7SJBHSCfxGo,false,2025-07-29T03:00:22.000Z,solana,Transfer,,true,SOL,11111111111111111111111111111111,3.418574016,3.418574024,8e-9
3HUqGAw5wjnC6HdWPL7LxGcuyBcnU27qb61jSaPhx38gZpnSyDxA39hmoXCvcXzyYQdaWA4XSBJ3EMJYZP57iJSx,3hJQ8L8XmDpgdtRbVebh3tYvMFwhtNLyc7SJBHSCfxGo,false,2025-07-29T03:00:22.000Z,solana,Transfer,,true,SOL,11111111111111111111111111111111,3.41857401,3.418574016,6e-9
Pfp8bPA8DCigGvhM3xECq7MqCd8UDVpArDU5xrW1i7UAbiXLKQPDQnqmy6eDoJr1LptKQZaXb2Aq3PT9kPw2sTE,3hJQ8L8XmDpgdtRbVebh3tYvMFwhtNLyc7SJBHSCfxGo,false,2025-07-29T03:00:22.000Z,solana,Transfer,,true,SOL,11111111111111111111111111111111,3.418574008,3.41857401,2e-9
3wCBpdJRtoBMvHT12Lq4FF3xpAmj1g11d92x7vFzZBPXBNdkN1qNqQhXAxt3N8kmXGusGhJesmBsvW6kfkobav8u,3hJQ8L8XmDpgdtRbVebh3tYvMFwhtNLyc7SJBHSCfxGo,false,2025-07-29T03:00:22.000Z,solana,Transfer,,true,SOL,11111111111111111111111111111111,3.418574004,3.418574008,4e-9
54qjAq3GpRzqsyjyckGrPzUym5affUxvNT7Nm8YKYxS1dWGCZMuGsnPXtFS8xZEV6tJ74C942mk8XUCCkKSrvF5m,3hJQ8L8XmDpgdtRbVebh3tYvMFwhtNLyc7SJBHSCfxGo,false,2025-07-29T02:59:56.000Z,,,,true,USDT,Es9vMFrzaCERmJfrF4H2FYD4KCoNkY11McCe8BenwNYB,3020.799936,3020.800056,0.00012000000015177648
4JxXW41L7bxvdebYkQYX1JXaZ61GWe2BTQgf3Y5FdkkLGdvrY15sL57773rr8smJcbNgnPBWY2ZXSqf3GQ67wusm,3hJQ8L8XmDpgdtRbVebh3tYvMFwhtNLyc7SJBHSCfxGo,false,2025-07-29T02:58:32.000Z,,,,true,USDT,Es9vMFrzaCERmJfrF4H2FYD4KCoNkY11McCe8BenwNYB,3020.799935,3020.799936,9.99999883788405e-7
3bYHptau6TWXcVt7NaMGhWHXbjt7tRTDVYycjp5Gg3i5Jvsnj9JuPnVJSTQvwn9D5E5xw8ifGEMppPm4LfSvwjHc,3hJQ8L8XmDpgdtRbVebh3tYvMFwhtNLyc7SJBHSCfxGo,false,2025-07-29T02:58:31.000Z,solana,Transfer,,true,SOL,11111111111111111111111111111111,3.418564004,3.418574004,0.00001
4mCtsmnD5CtZx5gHqe5x2LFYafkW4ueg8e4VYmcgXwXn9bHY6jnyYSWutLe7MpSL4rv1czSh9WE7RzpQ9sMWj5cq,3hJQ8L8XmDpgdtRbVebh3tYvMFwhtNLyc7SJBHSCfxGo,false,2025-07-29T02:58:27.000Z,solana,Transfer,,true,SOL,11111111111111111111111111111111,3.418563996,3.418564004,8e-9
YkLiJaPivP7HMewad12VcdXkon4FvgykS3pZrURrrsxMHc9BXCw1mAeMamVSpYAVFry4YXwyCU9XukoAAxtTEfx,3hJQ8L8XmDpgdtRbVebh3tYvMFwhtNLyc7SJBHSCfxGo,false,2025-07-29T02:58:27.000Z,solana,Transfer,,true,SOL,11111111111111111111111111111111,3.41856399,3.418563996,6e-9
2M9oL4jtq7JQR9jK8zV3wZARHQ24n5nET6BnJB1gkPvUtP22QSKa7D8Gp9D2BEMwv948DsfUWJnkHs3GW18UFGrQ,3hJQ8L8XmDpgdtRbVebh3tYvMFwhtNLyc7SJBHSCfxGo,false,2025-07-29T02:58:27.000Z,solana,Transfer,,true,SOL,11111111111111111111111111111111,3.418563986,3.41856399,4e-9
3xPt71GvYLqgUkq9aFLmWiEzNot5L34sSXTv9xME4h57C63hCA6vPUG7dn6C6Hq51MnRBGFXVkiT864ynN9NKMQU,3hJQ8L8XmDpgdtRbVebh3tYvMFwhtNLyc7SJBHSCfxGo,false,2025-07-29T02:58:27.000Z,solana,Transfer,,true,SOL,11111111111111111111111111111111,3.418563984,3.418563986,2e-9
2F2NXMa2ePyXNYC3y95t76fEbr6QAgaMFqnNzFjG1ynZZnp6gV8RpLRzP9EeUYrWMXuY65dejZpG8JXN1yfHqZrp,3hJQ8L8XmDpgdtRbVebh3tYvMFwhtNLyc7SJBHSCfxGo,false,2025-07-29T02:58:04.000Z,,,,true,USDT,Es9vMFrzaCERmJfrF4H2FYD4KCoNkY11McCe8BenwNYB,3020.799815,3020.799935,0.00012000000015177648
3xQZMWVeuu4y78CWyosScuB47DTz3KUBmd8L5SWbCYYeXuuG2hjgdqCaBBMrcEawc58bbbvWeUHHFJWQDdNHn1Dp,3hJQ8L8XmDpgdtRbVebh3tYvMFwhtNLyc7SJBHSCfxGo,false,2025-07-29T02:56:34.000Z,,,,true,USDT,Es9vMFrzaCERmJfrF4H2FYD4KCoNkY11McCe8BenwNYB,3020.799814,3020.799815,9.99999883788405e-7
iTZqZkXhGyZ5DnD9sXGxAwizysMZzpxv3Kq7nwfnf5Awa3FEcd2FJ2ta4KCu5gXgwGAbek5GmpSBB1SYg6TtPXp,3hJQ8L8XmDpgdtRbVebh3tYvMFwhtNLyc7SJBHSCfxGo,false,2025-07-29T02:56:32.000Z,solana,Transfer,,true,SOL,11111111111111111111111111111111,3.418553984,3.418563984,0.00001
3XF6E5MxYR277MAhAw7DLTrUujhZrsMZBPPkYxgkg1BgUD6qFR1qRnCR79BGDTcmfLcxkFcRTs5bM8dAau83YYXE,3hJQ8L8XmDpgdtRbVebh3tYvMFwhtNLyc7SJBHSCfxGo,false,2025-07-29T02:56:24.000Z,solana,Transfer,,true,SOL,11111111111111111111111111111111,3.41855398,3.418553984,4e-9
3DJLdtaTWrV2NEecJgoYeCQT6AjReyGh5gAVSr7jdK11v8UX3rJChShyS8Vr9CqNuqtnNeaYbBPfHkwEbP9MXDDw,3hJQ8L8XmDpgdtRbVebh3tYvMFwhtNLyc7SJBHSCfxGo,false,2025-07-29T02:56:24.000Z,solana,Transfer,,true,SOL,11111111111111111111111111111111,3.418553974,3.41855398,6e-9
5wymQbzXHyuhiT7mufNJkN2iKA9znDqMHQoxYHQXPKqtsux5tdcwTZ5p1922LXELqEGrRjbNPNARVxcTr5m9KG8B,3hJQ8L8XmDpgdtRbVebh3tYvMFwhtNLyc7SJBHSCfxGo,false,2025-07-29T02:56:24.000Z,solana,Transfer,,true,SOL,11111111111111111111111111111111,3.418553972,3.418553974,2e-9
5sKVJUGnH18gUGojZs1GqqQcqabyh7gN9N1hW6jyGy7BoRAcgYLUtrAHJABFLhoBzDocft9e38HFtCfH7uVUHDWP,3hJQ8L8XmDpgdtRbVebh3tYvMFwhtNLyc7SJBHSCfxGo,false,2025-07-29T02:56:24.000Z,solana,Transfer,,true,SOL,11111111111111111111111111111111,3.418553964,3.418553972,8e-9
3iwDz7X3uAYHQWevsedxEgpN8x8k1odXSRuC9fy5vsBYnVCNLotSEzYYKP5kkSAQpojJSphtMwp29cUVXnJ664MU,3hJQ8L8XmDpgdtRbVebh3tYvMFwhtNLyc7SJBHSCfxGo,false,2025-07-29T02:56:06.000Z,,,,true,USDT,Es9vMFrzaCERmJfrF4H2FYD4KCoNkY11McCe8BenwNYB,3020.799694,3020.799814,0.00012000000015177648
3TELh7zqXoZ2BnBfbKqcP4Q7x4rVMV3o2itwsdBKg3mUkkw8wSBKb532qy7t2Xqp3jYPgUk2mjV2hZ9T7Rk48onz,3hJQ8L8XmDpgdtRbVebh3tYvMFwhtNLyc7SJBHSCfxGo,false,2025-07-29T02:54:26.000Z,,,,true,USDT,Es9vMFrzaCERmJfrF4H2FYD4KCoNkY11McCe8BenwNYB,3020.799693,3020.799694,9.99999883788405e-7
kjf6q6w1wFuMiD89CijCP74wMysMBYHBf3MyzpZGrELps4Ye8mdkzMFWgR7N6mU3qwxPxPjDu5MiLDGk484FMUW,3hJQ8L8XmDpgdtRbVebh3tYvMFwhtNLyc7SJBHSCfxGo,false,2025-07-29T02:54:25.000Z,solana,Transfer,,true,SOL,11111111111111111111111111111111,3.418543964,3.418553964,0.00001
36kakGHMTG1ULq86sQQo93LfXMhr7H87wwhcPqYRRnJ3uQNuaht1sae7APnVvC7ox23A2Ajq1RsHtFFCvfUYcEDo,3hJQ8L8XmDpgdtRbVebh3tYvMFwhtNLyc7SJBHSCfxGo,false,2025-07-29T02:54:24.000Z,solana,Transfer,,true,SOL,11111111111111111111111111111111,3.418543956,3.418543964,8e-9
5vHDHM3KruQdKUdSsEzoaHGhZFTSgYJc8ZXgLJ6stvuD7xLYArr6pWcHdZ6rzxPmKrmRaQWs9cmEBjhzxXA8aQ7q,3hJQ8L8XmDpgdtRbVebh3tYvMFwhtNLyc7SJBHSCfxGo,false,2025-07-29T02:54:24.000Z,solana,Transfer,,true,SOL,11111111111111111111111111111111,3.41854395,3.418543956,6e-9
Vy7d6iSYpGujbCao7DDEvh4vkuHkVUige9kjyVkswbvRoi1Y22v9QNP7WMZEuRsV3nfCHqs2CqwxoFefXfZQyB7,3hJQ8L8XmDpgdtRbVebh3tYvMFwhtNLyc7SJBHSCfxGo,false,2025-07-29T02:54:24.000Z,solana,Transfer,,true,SOL,11111111111111111111111111111111,3.418543946,3.41854395,4e-9
61rj1C6JRtxm8X3GZ7D3FDXpVBk2UbE6BQ1y4VbfqQCAYuKnVAb2TM2mYmJi8Bvc1VhAsV1MSvvWzRqFN1ubp6g9,3hJQ8L8XmDpgdtRbVebh3tYvMFwhtNLyc7SJBHSCfxGo,false,2025-07-29T02:54:24.000Z,solana,Transfer,,true,SOL,11111111111111111111111111111111,3.418543944,3.418543946,2e-9
Tvat6rX4hi9hScEVDyH48vcN98WiXxuLJnf6RmXWYqkAuUmveFKmTbkwVYcE3Leyh6CZSXHYudPVMVEkdkDWpHh,3hJQ8L8XmDpgdtRbVebh3tYvMFwhtNLyc7SJBHSCfxGo,false,2025-07-29T02:53:59.000Z,,,,true,USDT,Es9vMFrzaCERmJfrF4H2FYD4KCoNkY11McCe8BenwNYB,3020.799573,3020.799693,0.00012000000015177648
2cqeeARrMkvpPaKyVAaHfvvLjr9Pz9a7UUm4H8icdvyKhukJ5Uw5nwq2DzyumY5zRenzXD51J6w7ohRHxAuiccSn,3hJQ8L8XmDpgdtRbVebh3tYvMFwhtNLyc7SJBHSCfxGo,false,2025-07-29T02:52:48.000Z,,,,true,USDT,Es9vMFrzaCERmJfrF4H2FYD4KCoNkY11McCe8BenwNYB,3020.799572,3020.799573,9.99999883788405e-7
2uCqpH1vvxXk88Bau6Z8LWh9RSbmoE61GPcwFdQdUNcS11Xwo38SXSUKKeXVSfK72YRpBnMBs7MGHoJ1NfemfyiF,3hJQ8L8XmDpgdtRbVebh3tYvMFwhtNLyc7SJBHSCfxGo,false,2025-07-29T02:52:47.000Z,solana,Transfer,,true,SOL,11111111111111111111111111111111,3.418533944,3.418543944,0.00001
2CR9gMAfSoyjpGpfqkXg7u687UKq2csi4vyWh1QbzuSbCDFXRKtz9VabxahqpDGLXJq9wZgY1pZTssxsTZtsi74P,3hJQ8L8XmDpgdtRbVebh3tYvMFwhtNLyc7SJBHSCfxGo,false,2025-07-29T02:52:41.000Z,solana,Transfer,,true,SOL,11111111111111111111111111111111,3.418533936,3.418533944,8e-9
LLa8d3vcEPhK4FRmPTHHX2KXBR23AKo7FcbscoHfqV9Y9Bv7EFTwLzwMHYTD1AzWVejxbJccGg5iHHUwpprqay9,3hJQ8L8XmDpgdtRbVebh3tYvMFwhtNLyc7SJBHSCfxGo,false,2025-07-29T02:52:41.000Z,solana,Transfer,,true,SOL,11111111111111111111111111111111,3.41853393,3.418533936,6e-9
4faRgSsRFza6VBsn2N8wt7PnMgdadJj3pDoERDc6WE6jksuycPRPqPJPx3eiBZkcu4Up7bjJN2qykvDBZhsf9KtL,3hJQ8L8XmDpgdtRbVebh3tYvMFwhtNLyc7SJBHSCfxGo,false,2025-07-29T02:52:41.000Z,solana,Transfer,,true,SOL,11111111111111111111111111111111,3.418533926,3.41853393,4e-9
3cJEEa29LAwAwjtqA295GTpQ9mQpCp1T4TkF5YQVgnDYB5LLKJMorhjpFbnm19aSQvKZ6xkFPNeomVrM8aSLf1RQ,3hJQ8L8XmDpgdtRbVebh3tYvMFwhtNLyc7SJBHSCfxGo,false,2025-07-29T02:52:41.000Z,solana,Transfer,,true,SOL,11111111111111111111111111111111,3.418533924,3.418533926,2e-9
4nnMrxcpo5S7feJpDoN1cFfgYH5Y7JyNTTKFwdt256wqgPt5YgE4YeRgH1Tk5dmFxgdRjTGxAxzcibUg1QdfwWDj,3hJQ8L8XmDpgdtRbVebh3tYvMFwhtNLyc7SJBHSCfxGo,false,2025-07-29T02:52:20.000Z,,,,true,USDT,Es9vMFrzaCERmJfrF4H2FYD4KCoNkY11McCe8BenwNYB,3020.799452,3020.799572,0.00011999999969702912
dM6pDHVDn1t9ahnkjA9sAotQGFE8mQyXJH4wfsKBAj3AEjCVj1UyX2a1hgk5AvvqtkDVZVyFtrFRkubMZwiQK84,3hJQ8L8XmDpgdtRbVebh3tYvMFwhtNLyc7SJBHSCfxGo,false,2025-07-29T02:50:47.000Z,,,,true,USDT,Es9vMFrzaCERmJfrF4H2FYD4KCoNkY11McCe8BenwNYB,3020.799451,3020.799452,0.0000010000003385357559
3UZ81Ss26YFmUjMiX9eM6YfqY6iZFdds83rEmk8Lyopf8xUEj3eNvY4bQRpK1bAmWYuu7cvRp5ksCQBMBDbj8w7Q,3hJQ8L8XmDpgdtRbVebh3tYvMFwhtNLyc7SJBHSCfxGo,false,2025-07-29T02:50:46.000Z,solana,Transfer,,true,SOL,11111111111111111111111111111111,3.418523924,3.418533924,0.00001
65s9D9genbok5fcL7JpFMVs52aUJHvADgV138HdEJwFuzTUMv3i8FYcxJ4p258fVUHeDggxYjoUb3VB7QhXr8Kzn,3hJQ8L8XmDpgdtRbVebh3tYvMFwhtNLyc7SJBHSCfxGo,false,2025-07-29T02:50:45.000Z,solana,Transfer,,true,SOL,11111111111111111111111111111111,3.418523918,3.418523924,6e-9
3Cw2knocofU5nU5ghcqcgKoMa6YeqmA5vUfECfoTUo1b1enmMb5Zw6BjM9in7vLeVkUXKsretpZsr3Je7udXZTEB,3hJQ8L8XmDpgdtRbVebh3tYvMFwhtNLyc7SJBHSCfxGo,false,2025-07-29T02:50:45.000Z,solana,Transfer,,true,SOL,11111111111111111111111111111111,3.41852391,3.418523918,8e-9
3EbwdtyoDbJQW8umydpTXfsCqEk2bmGAxD2itEZjpCyVDJN3k3wZAAKKG5Y1EWju3TPTgzwG2Lko2Db4xZR2iaG7,3hJQ8L8XmDpgdtRbVebh3tYvMFwhtNLyc7SJBHSCfxGo,false,2025-07-29T02:50:45.000Z,solana,Transfer,,true,SOL,11111111111111111111111111111111,3.418523906,3.41852391,4e-9
39MtrMCMfhPBve1L23BhEf82MpMA7f2SNYBBuUv6hmybAnvdis1Gnz5ekKVjJPSd9rGGw1wdiXB5EG73uKQa1LFy,3hJQ8L8XmDpgdtRbVebh3tYvMFwhtNLyc7SJBHSCfxGo,false,2025-07-29T02:50:45.000Z,solana,Transfer,,true,SOL,11111111111111111111111111111111,3.418523904,3.418523906,2e-9
5sYsKqtvmY6nQhpa3oN3nb9GADsVPAsEjZ4kgzkZPGetnCCJ9vCoMWSqkwgzQridP6ChoosprG3GRY6UGqR59sJd,3hJQ8L8XmDpgdtRbVebh3tYvMFwhtNLyc7SJBHSCfxGo,false,2025-07-29T02:50:19.000Z,,,,true,USDT,Es9vMFrzaCERmJfrF4H2FYD4KCoNkY11McCe8BenwNYB,3020.799331,3020.799451,0.00011999999969702912
2Yu9mVVVLJ4zsFyXA1qnX45H2tQCDcoHWzEsDnLVCaypsvpVuusrnR5kxarccGhnLw1ePPtFxqXQgNgQzHyU8P3o,3hJQ8L8XmDpgdtRbVebh3tYvMFwhtNLyc7SJBHSCfxGo,false,2025-07-29T02:48:35.000Z,,,,true,USDT,Es9vMFrzaCERmJfrF4H2FYD4KCoNkY11McCe8BenwNYB,3020.79933,3020.799331,0.0000010000003385357559
4FihWrqBw64zrVG7K2eiYaDw2X1ueTCVA2bEHjxq14xkn1TodayrMCPfnGwNvy9tb7qdzwfChkCr6ZK9uLC18VV3,3hJQ8L8XmDpgdtRbVebh3tYvMFwhtNLyc7SJBHSCfxGo,false,2025-07-29T02:48:34.000Z,solana,Transfer,,true,SOL,11111111111111111111111111111111,3.418513904,3.418523904,0.00001
38VrrRkE6291mdLJYMHpLApjPELpu27dRfUvPX3PDNHswZVkShQfmfPcapw5QSgw6LsXBaEGFAjPkGW1fowpqSu9,3hJQ8L8XmDpgdtRbVebh3tYvMFwhtNLyc7SJBHSCfxGo,false,2025-07-29T02:48:31.000Z,solana,Transfer,,true,SOL,11111111111111111111111111111111,3.4185139,3.418513904,4e-9
275xZ5uqGnRK9cAGUcVfc9fjUEbtqeQ8AbqMctERdNoTiMnDECSkSdMYcko9YpyMqf8ZunqpjbfHhK7Kjn56djZm,3hJQ8L8XmDpgdtRbVebh3tYvMFwhtNLyc7SJBHSCfxGo,false,2025-07-29T02:48:31.000Z,solana,Transfer,,true,SOL,11111111111111111111111111111111,3.418513892,3.4185139,8e-9
4HcpvU1YKG5DS817Fkw7F9V8w54fQJA7tfQh1ysPniaRHmtrQJ4gBFtWRcoM8JbVK9MM7K8qBBXAC91iBKUN9qQb,3hJQ8L8XmDpgdtRbVebh3tYvMFwhtNLyc7SJBHSCfxGo,false,2025-07-29T02:48:31.000Z,solana,Transfer,,true,SOL,11111111111111111111111111111111,3.418513886,3.418513892,6e-9
SycFtXPeg6rhLVBKuP53ZMA6T3An3WRo22swr4Dhpp9AfgzCAdMNQNtYyBL4w3VbuqvqpBwAXtwMPos49Zr87xS,3hJQ8L8XmDpgdtRbVebh3tYvMFwhtNLyc7SJBHSCfxGo,false,2025-07-29T02:48:31.000Z,solana,Transfer,,true,SOL,11111111111111111111111111111111,3.418513884,3.418513886,2e-9
5wDCoTenrx2udPzkoZLtD92XEVhf1LThWZiRff5HFnupJMibtFynv1Xa3ujvYkjfJbKtZtd5YhJmBVfGsMxR9pBD,3hJQ8L8XmDpgdtRbVebh3tYvMFwhtNLyc7SJBHSCfxGo,false,2025-07-29T02:48:08.000Z,,,,true,USDT,Es9vMFrzaCERmJfrF4H2FYD4KCoNkY11McCe8BenwNYB,3020.79921,3020.79933,0.00011999999969702912
26UYvWmUGqtUEcQTqotGFR1TJ4PiLunMPt4eJrqwZeH224CFDCR4AcvA7qrGR2dyrWJcG54bSrK4s1vLqLqwqW2P,3hJQ8L8XmDpgdtRbVebh3tYvMFwhtNLyc7SJBHSCfxGo,false,2025-07-29T02:46:36.000Z,solana,Transfer,,true,SOL,11111111111111111111111111111111,3.41851388,3.418513884,4e-9
zuEMBSQdNYKNM16mxfg8bBt1SAz5bs7SDrpJctsqsAbuFt1VmRk38MiijSnsPFPGSDWVvL5nbbKrk7MHVRp1nWq,3hJQ8L8XmDpgdtRbVebh3tYvMFwhtNLyc7SJBHSCfxGo,false,2025-07-29T02:46:36.000Z,,,,true,USDT,Es9vMFrzaCERmJfrF4H2FYD4KCoNkY11McCe8BenwNYB,3020.799209,3020.79921,0.0000010000003385357559
E41PJ9YTgS3DPmZfmYc4dUAjpxHyLC5UcBKJYdMxH8r6iCm1Ecz67q6qd3xkUsXH9KoBGqYK6G3aU6P7qQJA9cb,3hJQ8L8XmDpgdtRbVebh3tYvMFwhtNLyc7SJBHSCfxGo,false,2025-07-29T02:46:35.000Z,solana,Transfer,,true,SOL,11111111111111111111111111111111,3.418513872,3.41851388,8e-9
3gneuRSypCXuyU2qaDq1U6eKPpYS6wupSoxzDK8eCF8XeoRAnu3mMM7uQHiLdpr7JT1EoLtxkSWgb5MBvrZ52cTJ,3hJQ8L8XmDpgdtRbVebh3tYvMFwhtNLyc7SJBHSCfxGo,false,2025-07-29T02:46:35.000Z,solana,Transfer,,true,SOL,11111111111111111111111111111111,3.41851387,3.418513872,2e-9
35odUDzNpzuDPAp42nMTBj36yn6dGtoe3McPNGe2u2KwdViBnwncdewKbshbwuooZnwaSy57o6PWuCKE1z2ZwoYx,3hJQ8L8XmDpgdtRbVebh3tYvMFwhtNLyc7SJBHSCfxGo,false,2025-07-29T02:46:35.000Z,solana,Transfer,,true,SOL,11111111111111111111111111111111,3.418513864,3.41851387,6e-9
TaceyXzn6YTfWKMyqBZLvmkXihhjFeekx7bytgeVs7LxJWJwDEbtRLSbihxCG7hHEWKtkLs2nUYwaty8LQ9s3DK,3hJQ8L8XmDpgdtRbVebh3tYvMFwhtNLyc7SJBHSCfxGo,false,2025-07-29T02:46:34.000Z,solana,Transfer,,true,SOL,11111111111111111111111111111111,3.418503864,3.418513864,0.00001
eswWGu9qSEt8NFPjSuD5pDgtMExZUQKgqeUnLhzGxbkohdoooVJauLBvdDfCREFPqbBcjQEJ8jMyVWyLFReb3K7,3hJQ8L8XmDpgdtRbVebh3tYvMFwhtNLyc7SJBHSCfxGo,false,2025-07-29T02:46:07.000Z,,,,true,USDT,Es9vMFrzaCERmJfrF4H2FYD4KCoNkY11McCe8BenwNYB,3020.799089,3020.799209,0.00011999999969702912
uXaEmBdccxfoKiFVrV7Hzq9YyQqJ6QshCmxhcrBy6JG3rQH1dcECVoUJPednUbhqcB9aG6shnAJE8xkDFSV2KVc,3hJQ8L8XmDpgdtRbVebh3tYvMFwhtNLyc7SJBHSCfxGo,false,2025-07-29T02:44:30.000Z,,,,true,USDT,Es9vMFrzaCERmJfrF4H2FYD4KCoNkY11McCe8BenwNYB,3020.799088,3020.799089,9.99999883788405e-7
4SPEdJcrXaMxgMj9Pju9vZBRjXYrATgfTyeiXtqzZfKtXNcgKhQBVtCnvQHuAUT6ogtNndo86UfMQ3R8pfpZeiPU,3hJQ8L8XmDpgdtRbVebh3tYvMFwhtNLyc7SJBHSCfxGo,false,2025-07-29T02:44:28.000Z,solana,Transfer,,true,SOL,11111111111111111111111111111111,3.418493864,3.418503864,0.00001
4yWgNaY7BokwLDEDE7bbpRarcrKxgCpHK6wqTWQ8BM9XvrMRGvr1y9y4mcUoyXuDxtarLs8gyzxQYN172BJpWbmp,3hJQ8L8XmDpgdtRbVebh3tYvMFwhtNLyc7SJBHSCfxGo,false,2025-07-29T02:44:22.000Z,solana,Transfer,,true,SOL,11111111111111111111111111111111,3.418493856,3.418493864,8e-9
4DnvvhWvU9scbt4eCeokjisXttSeF51GWnvrYMFpc7fhNzTqRuFHH2KNmzvXEtY5QqCZcMzias6AUGjudutckwCm,3hJQ8L8XmDpgdtRbVebh3tYvMFwhtNLyc7SJBHSCfxGo,false,2025-07-29T02:44:22.000Z,solana,Transfer,,true,SOL,11111111111111111111111111111111,3.41849385,3.418493856,6e-9
4z8YqcAmTZWSBRnoCAGgPHmVaBBEfH8G34yjkavadYHJ1xkHYUu9WTxkgXGzTyzkBZPyW9DiTPrfJcaRATEv8gA2,3hJQ8L8XmDpgdtRbVebh3tYvMFwhtNLyc7SJBHSCfxGo,false,2025-07-29T02:44:22.000Z,solana,Transfer,,true,SOL,11111111111111111111111111111111,3.418493846,3.41849385,4e-9
3ZyjzsN6zpvp6Fh3bdPQ7DXPzxFvKMQuVaYmucy3uG7T9CJ3bGfazPeMyG6VSvm3ihms3j7YGs584PdodHgFF32F,3hJQ8L8XmDpgdtRbVebh3tYvMFwhtNLyc7SJBHSCfxGo,false,2025-07-29T02:44:22.000Z,solana,Transfer,,true,SOL,11111111111111111111111111111111,3.418493844,3.418493846,2e-9
3UJbRH4YW25n3zCidoQkLZn4qC87mJfYKJjN2gVZye5sdVKpyZQ9v1rEkA8rg6dHVvsvDf7rbAzJikJFtVj2ymwD,3hJQ8L8XmDpgdtRbVebh3tYvMFwhtNLyc7SJBHSCfxGo,false,2025-07-29T02:44:01.000Z,,,,true,USDT,Es9vMFrzaCERmJfrF4H2FYD4KCoNkY11McCe8BenwNYB,3020.798968,3020.799088,0.00012000000015177648
5pBycqZkdmCzQCxgU1eJFo12g3nq5KxKtiDNGCy1dCFGRueaVCfXz23H4mrNa9PzXCnUSsggqKSEdytQcPNgPYMk,3hJQ8L8XmDpgdtRbVebh3tYvMFwhtNLyc7SJBHSCfxGo,false,2025-07-29T02:42:07.000Z,,,,true,USDT,Es9vMFrzaCERmJfrF4H2FYD4KCoNkY11McCe8BenwNYB,3020.798967,3020.798968,9.99999883788405e-7
5w1qjvpWoMvzMyQn1bCQ4vbmvxvoAM8HhBahLfNPY9JPEDRTFLk8j9rGPm8wsvkrEhSu6oMYUH3W3PxnH28EziT3,3hJQ8L8XmDpgdtRbVebh3tYvMFwhtNLyc7SJBHSCfxGo,false,2025-07-29T02:42:05.000Z,solana,Transfer,,true,SOL,11111111111111111111111111111111,3.418483844,3.418493844,0.00001
2cr8WfYyzKrrmYADSHjoSGvHMfGRgj5E6x7cyLwX3YQ8TzZen9cxRtjNRQFHSo8oWW92YQ5AR4hKeEaXE28EZgor,3hJQ8L8XmDpgdtRbVebh3tYvMFwhtNLyc7SJBHSCfxGo,false,2025-07-29T02:41:58.000Z,solana,Transfer,,true,SOL,11111111111111111111111111111111,3.418483836,3.418483844,8e-9
5hUWyoork48H2Vt2To38yHdKaqyg1pa6cfS1qtr5SQtziLUqfS8EZf9CQ7baJZX5XBNQ9J6b7MjzDe2DKK5TjAW5,3hJQ8L8XmDpgdtRbVebh3tYvMFwhtNLyc7SJBHSCfxGo,false,2025-07-29T02:41:58.000Z,solana,Transfer,,true,SOL,11111111111111111111111111111111,3.41848383,3.418483836,6e-9
52mmwoStjwNBmdaMBBcB4qQ7ERoTbTEFCPhD97EC39MuJ2P7CqbPB4SzMyKXzkSDQE5Qw8d7MkcZubc3mWX5x587,3hJQ8L8XmDpgdtRbVebh3tYvMFwhtNLyc7SJBHSCfxGo,false,2025-07-29T02:41:58.000Z,solana,Transfer,,true,SOL,11111111111111111111111111111111,3.418483828,3.41848383,2e-9
AwYUT1q8vAJLeiDvqzX12JicbX67fd1aXnPzgcyepHS7XdhAnAtDgETTMvJn6KPjQNCeEF8DVLDDiC1zP6unLgW,3hJQ8L8XmDpgdtRbVebh3tYvMFwhtNLyc7SJBHSCfxGo,false,2025-07-29T02:41:58.000Z,solana,Transfer,,true,SOL,11111111111111111111111111111111,3.418483824,3.418483828,4e-9
58Fag7UVqVUEAfw1WDWkdeotKr7XmjzKqhcFiELau1mYuAWZWkkf7szLvk9wih7Qn2Q7uXcPCPhRFJswdpXeAAM3,3hJQ8L8XmDpgdtRbVebh3tYvMFwhtNLyc7SJBHSCfxGo,false,2025-07-29T02:41:39.000Z,,,,true,USDT,Es9vMFrzaCERmJfrF4H2FYD4KCoNkY11McCe8BenwNYB,3020.798847,3020.798967,0.00012000000015177648
2kYmHqiuMPPXWFKSP48wNSn8XKwtYZiD9WtqDP3UHHcDweniRSHs2R9uZ6YxYEmm9iMdZRNGjhtFQrVF7PHMg9Tf,3hJQ8L8XmDpgdtRbVebh3tYvMFwhtNLyc7SJBHSCfxGo,false,2025-07-29T02:41:10.000Z,,,,true,USDT,Es9vMFrzaCERmJfrF4H2FYD4KCoNkY11McCe8BenwNYB,3020.798846,3020.798847,9.99999883788405e-7
3N1aX1eCey7a7VjyWTrubAnpmsxcfibUS8PKpmQnux7bDghQT7DJAXQN87ppTk6vEziU7KvtQi6n5xPYsPFFAqWu,3hJQ8L8XmDpgdtRbVebh3tYvMFwhtNLyc7SJBHSCfxGo,false,2025-07-29T02:41:10.000Z,solana,Transfer,,true,SOL,11111111111111111111111111111111,3.418473824,3.418483824,0.00001
35c2CNA2s7moLTsWdwGvEwfUvdsbzj37BShqjWM9vFvL7U5TUEwqXk8Xdk8s5WmidH9gcJahP4rvgXyiPtm3xg3Y,3hJQ8L8XmDpgdtRbVebh3tYvMFwhtNLyc7SJBHSCfxGo,false,2025-07-29T02:41:03.000Z,solana,Transfer,,true,SOL,11111111111111111111111111111111,3.418473816,3.418473824,8e-9
2bexGET7R4rfvVVzExwdcLv1qiuVHv5CgtMK9Fcyas66kXDp4GLpKzbene64KXE3U4TKtXJd1cskbmcJcL3KyorS,3hJQ8L8XmDpgdtRbVebh3tYvMFwhtNLyc7SJBHSCfxGo,false,2025-07-29T02:41:03.000Z,solana,Transfer,,true,SOL,11111111111111111111111111111111,3.41847381,3.418473816,6e-9
42UuyA6uCXNEx392Fg1Uai454AfYc5viPcUBFuDNwKHr62LK7FWBCEnN5XyKrkziD1ZVUZUUdrY6opCfp5LVsoon,3hJQ8L8XmDpgdtRbVebh3tYvMFwhtNLyc7SJBHSCfxGo,false,2025-07-29T02:41:03.000Z,solana,Transfer,,true,SOL,11111111111111111111111111111111,3.418473808,3.41847381,2e-9
48JyFRnt5gNkWQPnA3xG5tpcBgpGUfSiJTdmPZH2yVwkVV1uAycfbRMdXH3snQv2YGyL9TKsYRQwwrHQFf9Q2TwC,3hJQ8L8XmDpgdtRbVebh3tYvMFwhtNLyc7SJBHSCfxGo,false,2025-07-29T02:41:03.000Z,solana,Transfer,,true,SOL,11111111111111111111111111111111,3.418473804,3.418473808,4e-9
2ZzyFZazvRvv9bkgkCdZTKKxFSP1DECBYTcoagpckJhMjcJ2MWx99bZkmtz31sYk8cWwhUAivY3H3ja9Lyo4sXb,3hJQ8L8XmDpgdtRbVebh3tYvMFwhtNLyc7SJBHSCfxGo,false,2025-07-29T02:40:22.000Z,,,,true,USDT,Es9vMFrzaCERmJfrF4H2FYD4KCoNkY11McCe8BenwNYB,3020.798845,3020.798846,0.0000010000003385357559
49Q5y7EioZmhecQnmtmN9ieSSdRFpDsVfHFz5JG32QSGBkxDbkPYsRoyC5dGifZrVhRTenPbNCi3w6icv3pQEisX,3hJQ8L8XmDpgdtRbVebh3tYvMFwhtNLyc7SJBHSCfxGo,false,2025-07-29T02:40:21.000Z,solana,Transfer,,true,SOL,11111111111111111111111111111111,3.418463804,3.418473804,0.00001
5FwruzghJhVYaRhwdY5aD5YkrU31dANWT8xr5ggMmTbJKCKoCAsn6RKK2cXXMUJya9FmF4KRKiTu13qVtZDcQ9AG,3hJQ8L8XmDpgdtRbVebh3tYvMFwhtNLyc7SJBHSCfxGo,false,2025-07-29T02:40:13.000Z,solana,Transfer,,true,SOL,11111111111111111111111111111111,3.418463802,3.418463804,2e-9
3uMRvWRovpQu56wSDNiYSrziEexxmcpFoHhAN8sSsLqHQG6c81EBxpUKJzGiUM66UHAke7dXig72uXwQaQj2a4ke,3hJQ8L8XmDpgdtRbVebh3tYvMFwhtNLyc7SJBHSCfxGo,false,2025-07-29T02:40:13.000Z,solana,Transfer,,true,SOL,11111111111111111111111111111111,3.418463794,3.418463802,8e-9
4WNgNJR6kV2gLxjSjzN8uMsM9ApyQ2ZRrh1phZrEGGWoapkW4VnomheDUZR5KkHboAzCrSxW5jw3fWU3J9GxZpzt,3hJQ8L8XmDpgdtRbVebh3tYvMFwhtNLyc7SJBHSCfxGo,false,2025-07-29T02:40:13.000Z,solana,Transfer,,true,SOL,11111111111111111111111111111111,3.41846379,3.418463794,4e-9
vWoy5fUBwKT5rUamx74bdyhjHWy1YfCuhAMHsNB5gdXxDnJWTbEQm2bQrm2BK9iRnDrZibwKyxh2TgKuh8Dsm9M,3hJQ8L8XmDpgdtRbVebh3tYvMFwhtNLyc7SJBHSCfxGo,false,2025-07-29T02:40:13.000Z,solana,Transfer,,true,SOL,11111111111111111111111111111111,3.418463784,3.41846379,6e-9
5JqaNYyZ53kavfotCGXvhDvzBBEuP1uKip42LP6idgRXhaqkrxpnvcXF8VdSMp2YDKtK2mCUt7kLTA3SZ91ffDcR,3hJQ8L8XmDpgdtRbVebh3tYvMFwhtNLyc7SJBHSCfxGo,false,2025-07-29T02:39:49.000Z,,,,true,USDT,Es9vMFrzaCERmJfrF4H2FYD4KCoNkY11McCe8BenwNYB,3020.798725,3020.798845,0.00011999999969702912
51tmHkbNHdRghhiMVqa64kWZrXS1TfkzvHhFFMMMcoGzse3ZY2YQTyqFRFnvuBD9ycS4sgiwLJRJYoqQYrGqT47K,3hJQ8L8XmDpgdtRbVebh3tYvMFwhtNLyc7SJBHSCfxGo,true,2025-07-29T02:39:29.000Z,solana,Transfer,0.000079994,true,SOL,11111111111111111111111111111111,3.418543778,3.418463784,-0.000079994
51tmHkbNHdRghhiMVqa64kWZrXS1TfkzvHhFFMMMcoGzse3ZY2YQTyqFRFnvuBD9ycS4sgiwLJRJYoqQYrGqT47K,3hJQ8L8XmDpgdtRbVebh3tYvMFwhtNLyc7SJBHSCfxGo,true,2025-07-29T02:39:29.000Z,solana,Transfer,0.000079994,true,USDT,Es9vMFrzaCERmJfrF4H2FYD4KCoNkY11McCe8BenwNYB,15020.798725,3020.798725,-12000
3ZiFw1DqSZtyauNE3CHgQYo9wXZPh8cV4U7MvRC9S7bNQUfTUrXRPJjHhpz3pUUzUbfBVss8uoA5PkEho1hQau5,3hJQ8L8XmDpgdtRbVebh3tYvMFwhtNLyc7SJBHSCfxGo,false,2025-07-29T02:37:49.000Z,solana,Transfer,,true,SOL,11111111111111111111111111111111,3.418543777,3.418543778,1e-9
3XpabJLDzjFHpecgjjuwRH5w2wLx2AMUiHMSok7UKzCn7Nz2WhAzSN26kyUPd8FTm71XTkaxkcQsTDTLE8iwGjeg,3hJQ8L8XmDpgdtRbVebh3tYvMFwhtNLyc7SJBHSCfxGo,false,2025-07-29T02:37:49.000Z,solana,Transfer,,true,SOL,11111111111111111111111111111111,3.418543776,3.418543777,1e-9
33tveUCnwWMtyrCqnppjyy7iiiMDeWHFKSszWB72GPqvPinWz1SHsE6BZxCzuNXVGngcyrggQoZUSna8ScVYMvfb,3hJQ8L8XmDpgdtRbVebh3tYvMFwhtNLyc7SJBHSCfxGo,true,2025-07-29T02:37:44.000Z,kamino,Swap,0.000006875,true,SOL,11111111111111111111111111111111,3.418550651,3.418543776,-0.000006875
33tveUCnwWMtyrCqnppjyy7iiiMDeWHFKSszWB72GPqvPinWz1SHsE6BZxCzuNXVGngcyrggQoZUSna8ScVYMvfb,3hJQ8L8XmDpgdtRbVebh3tYvMFwhtNLyc7SJBHSCfxGo,true,2025-07-29T02:37:44.000Z,kamino,Swap,0.000006875,true,USDC,EPjFWdd5AufqSSqeM2qN1xzybapC8G4wEGGkZwyTDt1v,15020.86407,0,-15020.86407
33tveUCnwWMtyrCqnppjyy7iiiMDeWHFKSszWB72GPqvPinWz1SHsE6BZxCzuNXVGngcyrggQoZUSna8ScVYMvfb,3hJQ8L8XmDpgdtRbVebh3tYvMFwhtNLyc7SJBHSCfxGo,true,2025-07-29T02:37:44.000Z,kamino,Swap,0.000006875,true,USDT,Es9vMFrzaCERmJfrF4H2FYD4KCoNkY11McCe8BenwNYB,1.909901,15020.798725,15018.888824
g8TUTq5xRH85bYeKjTQszdGhRnzzdTYvXcB8AfB3ToSsCF59PMhrXZf6Qa9WoH2kqxgmSJPirjMbnpnP6rPT6v7,3hJQ8L8XmDpgdtRbVebh3tYvMFwhtNLyc7SJBHSCfxGo,true,2025-07-29T02:37:04.000Z,kamino,Swap,0.000006275,false,SOL,11111111111111111111111111111111,3.418556926,3.418550651,-0.000006275
5DtJ4ZQ9WmjsNTBebBVDgrSMfGX2JNHiQk2vCPZVdCSvEAAUxfrbYE29CHeWTAqwHWUATMFDLZQuxZjVav1CTGGD,3hJQ8L8XmDpgdtRbVebh3tYvMFwhtNLyc7SJBHSCfxGo,false,2025-07-25T14:44:00.000Z,solana,Transfer,,true,SOL,11111111111111111111111111111111,3.418555926,3.418556926,0.000001
2rMXg1BARin94eM6tRRehGdoeZ9S1q8JCFujWpL2XhaFYBTM1yRwh6c9kYXyygtwpoeNWAxLhxXbAzvXCfQAcQ7E,3hJQ8L8XmDpgdtRbVebh3tYvMFwhtNLyc7SJBHSCfxGo,false,2025-07-25T04:23:26.000Z,solana,Transfer,,true,SOL,11111111111111111111111111111111,3.418545926,3.418555926,0.00001
qwAToa6vL3ZxxoM2Wa4r4KAcwghk5Ukq2SjzJzY72px2bgRAkPeZ9hTnruta1i8ZC7kcfiVmcksm4oy2AzK6j4q,3hJQ8L8XmDpgdtRbVebh3tYvMFwhtNLyc7SJBHSCfxGo,false,2025-07-25T04:23:18.000Z,solana,Transfer,,true,SOL,11111111111111111111111111111111,3.418545918,3.418545926,8e-9
5Q4jXnEtjpzDV8QCDgFxeE79XyyTWXeb9BWcDP9wMrofgvna3ACtPjHd6RU7MgCVD4SEF8B9Fsk3MhQAkis2766o,3hJQ8L8XmDpgdtRbVebh3tYvMFwhtNLyc7SJBHSCfxGo,false,2025-07-25T04:23:18.000Z,solana,Transfer,,true,SOL,11111111111111111111111111111111,3.418545912,3.418545918,6e-9
U8Huthqij7dNPhrsdFQWaMe4WjCKMcNqNiXG3NrhTaayED5hpcLqyR2ucA5Eb2Pjq5uKTESvHQQsxTyMv49hcw7,3hJQ8L8XmDpgdtRbVebh3tYvMFwhtNLyc7SJBHSCfxGo,false,2025-07-25T04:23:18.000Z,solana,Transfer,,true,SOL,11111111111111111111111111111111,3.418545908,3.418545912,4e-9
3DMv28FY5yUyJRUGKptyuDrRiamu3CtN5EA5zGzW2ZFNsMfr1uqKUSoS3VBVPpgZZrphMw1qViv5fWdUmCiWhNt,3hJQ8L8XmDpgdtRbVebh3tYvMFwhtNLyc7SJBHSCfxGo,false,2025-07-25T04:23:18.000Z,solana,Transfer,,true,SOL,11111111111111111111111111111111,3.418545906,3.418545908,2e-9
5tXAnpomHu3SEUFjoAkHhvRHzuPVR5rJY2GVZqPzuLuZy86hLNH9145kUiHQRYeWWD5Pk4iMBkNFEX7ydpzXtLPh,3hJQ8L8XmDpgdtRbVebh3tYvMFwhtNLyc7SJBHSCfxGo,true,2025-07-25T04:22:49.000Z,solana,Transfer,0.00008,true,SOL,11111111111111111111111111111111,15.418625906,3.418545906,-12.00008
5ap6GUbYN314cVna22JFECJiW7o9ZYT8Y7117CEWe7VpuKtDP7r1V9aWYyyJbraK7ueeEwLUsFEdpZByL1chbd8u,3hJQ8L8XmDpgdtRbVebh3tYvMFwhtNLyc7SJBHSCfxGo,true,2025-07-25T04:21:39.000Z,jupiter-exchange,JupiterZ,0.000012067,true,SOL,11111111111111111111111111111111,5.249954832,15.418625906,10.168671074
5ap6GUbYN314cVna22JFECJiW7o9ZYT8Y7117CEWe7VpuKtDP7r1V9aWYyyJbraK7ueeEwLUsFEdpZByL1chbd8u,3hJQ8L8XmDpgdtRbVebh3tYvMFwhtNLyc7SJBHSCfxGo,true,2025-07-25T04:21:39.000Z,jupiter-exchange,JupiterZ,0.000012067,true,PYTH,HZ1JovNiVvGrGNiiYvEozEVgZ58xaU3RKwX8eACQBCt3,369910.590215,354910.590215,-15000
2caJPARDJt92VDD9hn9qg5tthPt1rCuJPnXDWBh45ao2qpRPfrzSiFrpAFaZvPiRE1v1WBjQ3YcMFYW1PAZ3c5xe,3hJQ8L8XmDpgdtRbVebh3tYvMFwhtNLyc7SJBHSCfxGo,true,2025-07-21T09:12:43.000Z,kamino,Swap,0.000007055,true,SOL,11111111111111111111111111111111,5.252001167,5.249954832,-0.002046335
2caJPARDJt92VDD9hn9qg5tthPt1rCuJPnXDWBh45ao2qpRPfrzSiFrpAFaZvPiRE1v1WBjQ3YcMFYW1PAZ3c5xe,3hJQ8L8XmDpgdtRbVebh3tYvMFwhtNLyc7SJBHSCfxGo,true,2025-07-21T09:12:43.000Z,kamino,Swap,0.000007055,true,PYTH,HZ1JovNiVvGrGNiiYvEozEVgZ58xaU3RKwX8eACQBCt3,473120.590215,369910.590215,-103210
2caJPARDJt92VDD9hn9qg5tthPt1rCuJPnXDWBh45ao2qpRPfrzSiFrpAFaZvPiRE1v1WBjQ3YcMFYW1PAZ3c5xe,3hJQ8L8XmDpgdtRbVebh3tYvMFwhtNLyc7SJBHSCfxGo,true,2025-07-21T09:12:43.000Z,kamino,Swap,0.000007055,true,USDC,EPjFWdd5AufqSSqeM2qN1xzybapC8G4wEGGkZwyTDt1v,0,15020.86407,15020.86407
46MbmUFv1nBCtxPmzPeiLFsmcUq12XWe3QvtRz4qez9HkQ1LYLnmEvkcy6UJHnaC5of9So3GGUi3KRsKdjDSNdAK,3hJQ8L8XmDpgdtRbVebh3tYvMFwhtNLyc7SJBHSCfxGo,false,2025-06-30T08:37:47.000Z,solana,Transfer,,true,SOL,11111111111111111111111111111111,5.251991167,5.252001167,0.00001
b25nvZyeKhqiqRzKPa79AkFMqsW94fRkujnP4PPyVWyJYFC5j1GaR12WaWkgRSnKEXGhYw8SdeS3X8cLfxwXoma,3hJQ8L8XmDpgdtRbVebh3tYvMFwhtNLyc7SJBHSCfxGo,false,2025-06-30T08:37:45.000Z,solana,Transfer,,true,PYTH,HZ1JovNiVvGrGNiiYvEozEVgZ58xaU3RKwX8eACQBCt3,365120.590215,473120.590215,108000
4KTLVauDDRaEpfdese8dTATqPB5A8YiyQJxHm5pnG5bA4grLTWXxt75SNbJa65BFGzw7EZpquKCBMAdrDbXztMBe,3hJQ8L8XmDpgdtRbVebh3tYvMFwhtNLyc7SJBHSCfxGo,false,2025-06-30T00:52:12.000Z,solana,Transfer,,true,SOL,11111111111111111111111111111111,5.251990167,5.251991167,0.000001
5F9uWqzfyTu8LUBPfTCoNVhkpUuEufKtttc5EMhPPswEmHhHBChAdUCo1w7TmSG46py8fLRP7cUwVtXxnpiCwWc1,3hJQ8L8XmDpgdtRbVebh3tYvMFwhtNLyc7SJBHSCfxGo,false,2025-06-30T00:12:11.000Z,solana,Transfer,,true,SOL,11111111111111111111111111111111,5.251990166,5.251990167,1e-9
UrpzUBnmEdsQ8wK5FGQuZ7dvVTeN48wTLk33CRDVPNco245xT7k9s58hUsXUsga6EHr9BcP8yEkVWyU4CM14F4k,3hJQ8L8XmDpgdtRbVebh3tYvMFwhtNLyc7SJBHSCfxGo,false,2025-06-29T08:13:31.000Z,solana,Transfer,,true,SOL,11111111111111111111111111111111,5.251980166,5.251990166,0.00001
3rj5NqzKtPNha2kTbphDxPjRpCwCDX32G3HnyAHZCLHHK51T4gVXEPKAvPN7UN2FMPDBjpFe7C3tm66DYSiT3whJ,3hJQ8L8XmDpgdtRbVebh3tYvMFwhtNLyc7SJBHSCfxGo,false,2025-06-29T08:13:23.000Z,solana,Transfer,,true,SOL,11111111111111111111111111111111,5.251980162,5.251980166,4e-9
5VvFfqwP4wPuRfwwjYWZf3uA9ErnWZ6JLRAF8E9YXkgAmghtJa6tEH7wtfq3tKj56qi3ZXGfvTfW1UmGLV3ihYYG,3hJQ8L8XmDpgdtRbVebh3tYvMFwhtNLyc7SJBHSCfxGo,false,2025-06-29T08:13:23.000Z,solana,Transfer,,true,SOL,11111111111111111111111111111111,5.25198016,5.251980162,2e-9
4eJ7W6WrF7dvrbsPF1jkDyqus2A4dVR9nZcFk7oLmd8AbNhsMQYPyLMCfL3mXzdpmEB5uWeKq4f97iLdy6mqbPq2,3hJQ8L8XmDpgdtRbVebh3tYvMFwhtNLyc7SJBHSCfxGo,false,2025-06-29T08:13:23.000Z,solana,Transfer,,true,SOL,11111111111111111111111111111111,5.251980154,5.25198016,6e-9
2Zfemz2St8jhbgj5gU68iwDm6JwrDcxcFxx3w5pdwvYfc7pkTvTxR1PGnAKwUiEdoZ4wUV9W6tMyaCWBnMQTGmEF,3hJQ8L8XmDpgdtRbVebh3tYvMFwhtNLyc7SJBHSCfxGo,true,2025-06-29T08:12:49.000Z,solana,Transfer,0.000079994,true,SOL,11111111111111111111111111111111,5.252060148,5.251980154,-0.000079994
2Zfemz2St8jhbgj5gU68iwDm6JwrDcxcFxx3w5pdwvYfc7pkTvTxR1PGnAKwUiEdoZ4wUV9W6tMyaCWBnMQTGmEF,3hJQ8L8XmDpgdtRbVebh3tYvMFwhtNLyc7SJBHSCfxGo,true,2025-06-29T08:12:49.000Z,solana,Transfer,0.000079994,true,USDT,Es9vMFrzaCERmJfrF4H2FYD4KCoNkY11McCe8BenwNYB,713.909901,1.909901,-712
BtSDqbERVqn2veQ89Ek1EEGsYWihAPYrUGusuecaFn3SNVWrVyqxzsBYp31bXN9ySR1JRzkXd5cHFKHDAm46thD,3hJQ8L8XmDpgdtRbVebh3tYvMFwhtNLyc7SJBHSCfxGo,true,2025-06-29T08:08:38.000Z,kamino,Swap,0.000016125,true,SOL,11111111111111111111111111111111,9.492076273,5.252060148,-4.240016125
BtSDqbERVqn2veQ89Ek1EEGsYWihAPYrUGusuecaFn3SNVWrVyqxzsBYp31bXN9ySR1JRzkXd5cHFKHDAm46thD,3hJQ8L8XmDpgdtRbVebh3tYvMFwhtNLyc7SJBHSCfxGo,true,2025-06-29T08:08:38.000Z,kamino,Swap,0.000016125,true,USDT,Es9vMFrzaCERmJfrF4H2FYD4KCoNkY11McCe8BenwNYB,76.654062,713.909901,637.255839
4J7AHJZfkioGnU3uygzZtoBH7W5Q9pWv63CPtbeqoMW4C36bqQqqfUGtdcfKpEezSsqA93pycPJZerfc5Pk166KV,3hJQ8L8XmDpgdtRbVebh3tYvMFwhtNLyc7SJBHSCfxGo,true,2025-06-27T12:49:17.000Z,solana,Transfer,0.00008,true,SOL,11111111111111111111111111111111,40.492156273,9.492076273,-31.00008
6RK9kWRpgmVUpn89ritxSk3ZBjGYMMGGvp9XYeKBCxE3eJxqxib5xMf1jiNNEWiG9CpcJxrNKfWzNuX69Gfadeu,3hJQ8L8XmDpgdtRbVebh3tYvMFwhtNLyc7SJBHSCfxGo,false,2025-06-27T12:47:47.000Z,,,,true,USDT,Es9vMFrzaCERmJfrF4H2FYD4KCoNkY11McCe8BenwNYB,76.652962,76.654062,0.0010999999999938836
3uZnzF4iPpHQayVHwWXEq2oDrTVZ1XiP84mDaHGuL3wwM3w5oTiiH9j7GAfchcp6ZQqVowXtzu85eHjKQchetVW2,3hJQ8L8XmDpgdtRbVebh3tYvMFwhtNLyc7SJBHSCfxGo,true,2025-06-27T12:47:37.000Z,solana,Transfer,0.000079994,true,SOL,11111111111111111111111111111111,40.492236267,40.492156273,-0.000079994
3uZnzF4iPpHQayVHwWXEq2oDrTVZ1XiP84mDaHGuL3wwM3w5oTiiH9j7GAfchcp6ZQqVowXtzu85eHjKQchetVW2,3hJQ8L8XmDpgdtRbVebh3tYvMFwhtNLyc7SJBHSCfxGo,true,2025-06-27T12:47:37.000Z,solana,Transfer,0.000079994,true,USDT,Es9vMFrzaCERmJfrF4H2FYD4KCoNkY11McCe8BenwNYB,11076.652962,76.652962,-11000
62kgUZUbJLFrFAXF9dEzd1Kq6QAHq9ypPk7feqy9XwEZuQGmbAxiHdW2XG6f7rXeDdp6LtxTcyekGF7ddJKfnuDY,3hJQ8L8XmDpgdtRbVebh3tYvMFwhtNLyc7SJBHSCfxGo,true,2025-06-27T11:57:49.000Z,jupiter-exchange,JupiterZ,0.000012067,true,SOL,11111111111111111111111111111111,0.278679859,40.492236267,40.213556408
62kgUZUbJLFrFAXF9dEzd1Kq6QAHq9ypPk7feqy9XwEZuQGmbAxiHdW2XG6f7rXeDdp6LtxTcyekGF7ddJKfnuDY,3hJQ8L8XmDpgdtRbVebh3tYvMFwhtNLyc7SJBHSCfxGo,true,2025-06-27T11:57:49.000Z,jupiter-exchange,JupiterZ,0.000012067,true,PYTH,HZ1JovNiVvGrGNiiYvEozEVgZ58xaU3RKwX8eACQBCt3,426120.590215,365120.590215,-61000
5ZErKCFMNxB5jbQxUXJ1VGqyiunETSTircp52aQULSUHHE73ySLbYcJ6Kjf3S3PtLtSZ1JksQAp47jXM65JucxVU,3hJQ8L8XmDpgdtRbVebh3tYvMFwhtNLyc7SJBHSCfxGo,false,2025-06-27T11:56:30.000Z,solana,Transfer,,true,SOL,11111111111111111111111111111111,0.278679858,0.278679859,1e-9
2UKSUW8hEHw7iTBhF4S7fSeFVEt17UR4gH5dCTHd8a9DxABdBjpajxQD16RA9HE3Mdg3f4Fuq1YoG17J9d1iMDS3,3hJQ8L8XmDpgdtRbVebh3tYvMFwhtNLyc7SJBHSCfxGo,false,2025-06-27T11:56:30.000Z,solana,Transfer,,true,SOL,11111111111111111111111111111111,0.278679857,0.278679858,1e-9
2ARNrrBSkvMYFDLpLKj4tssDhfdBNTdsEFeA3V4LAHPeRxfpgRNd5zCvrgqrs6ZgNK2RmYBWCXWyDmQEnhpUDWj8,3hJQ8L8XmDpgdtRbVebh3tYvMFwhtNLyc7SJBHSCfxGo,true,2025-06-27T11:56:21.000Z,jupiter-exchange,JupiterZ,0.000011483,true,PYTH,HZ1JovNiVvGrGNiiYvEozEVgZ58xaU3RKwX8eACQBCt3,543120.590215,426120.590215,-117000
2ARNrrBSkvMYFDLpLKj4tssDhfdBNTdsEFeA3V4LAHPeRxfpgRNd5zCvrgqrs6ZgNK2RmYBWCXWyDmQEnhpUDWj8,3hJQ8L8XmDpgdtRbVebh3tYvMFwhtNLyc7SJBHSCfxGo,true,2025-06-27T11:56:21.000Z,jupiter-exchange,JupiterZ,0.000011483,true,USDT,Es9vMFrzaCERmJfrF4H2FYD4KCoNkY11McCe8BenwNYB,114.808365,11076.652962,10961.844597
4XsE8VRxSVNzPqXX2J2RnHxZm4uqBTpJU3NML2WPK4794a8KHjxCZQ62B2mJdsWpGKuDPiwe1BmgiJrreaLjbPQq,3hJQ8L8XmDpgdtRbVebh3tYvMFwhtNLyc7SJBHSCfxGo,false,2025-05-30T10:00:40.000Z,,,,true,PYTH,HZ1JovNiVvGrGNiiYvEozEVgZ58xaU3RKwX8eACQBCt3,543120.590214,543120.590215,0.00000100000761449337
2vBvm4uCFBXj6SDYjLLsFaDF7Ha2rx1Ki7dpUmZtEpnTwbo2jwbjhryxCdLxusCospoEZwa2VK5K33yF8LNGkEKY,3hJQ8L8XmDpgdtRbVebh3tYvMFwhtNLyc7SJBHSCfxGo,false,2025-05-30T10:00:38.000Z,solana,Transfer,,true,SOL,11111111111111111111111111111111,0.278669857,0.278679857,0.00001
Y71bPFVu87yTJomambe2fQDDQocpLkbXaQ8MxPVrZ6ThhCtUoQYC31N5WD89aw7X7m3YF6M7zjURPsb2RrR7akT,3hJQ8L8XmDpgdtRbVebh3tYvMFwhtNLyc7SJBHSCfxGo,false,2025-05-30T10:00:20.000Z,solana,Transfer,,true,SOL,11111111111111111111111111111111,0.278669855,0.278669857,2e-9
Wk6d51YWM5V86oGa5cp19WyJJLDMAEDiwyFcCBtNXhm7GnqyKN5FhrbxScBUJyJUBZCTtSUSJvvJDZ8GWEcZoiw,3hJQ8L8XmDpgdtRbVebh3tYvMFwhtNLyc7SJBHSCfxGo,false,2025-05-30T10:00:20.000Z,solana,Transfer,,true,SOL,11111111111111111111111111111111,0.278669847,0.278669855,8e-9
5XtHRbFRRYLzA7yzoqBeeVe4HLmVXPMosBtqXpdaduoFQqz9pqqeeWoFKvmLvxWJeTo3XpWBAYQDUy7sNvwNgXyr,3hJQ8L8XmDpgdtRbVebh3tYvMFwhtNLyc7SJBHSCfxGo,false,2025-05-30T10:00:20.000Z,solana,Transfer,,true,SOL,11111111111111111111111111111111,0.278669841,0.278669847,6e-9
4PEJSy8Kg6YsBDwJPtryMWNh5jWaxfF7zrUWxPHCiSug5qNEvEA5yccDfNVgWppLG191TqNVhJV4AvXEahji6MEv,3hJQ8L8XmDpgdtRbVebh3tYvMFwhtNLyc7SJBHSCfxGo,false,2025-05-30T10:00:19.000Z,solana,Transfer,,true,SOL,11111111111111111111111111111111,0.278669837,0.278669841,4e-9
5EystMMPRtUBoFaVoQgEQVcFaxMj16ZWVY7Q71rnyAT1nB8qBPE2xSHnUQZBJqk63xJqi2ubdZZyh6BbUwb5fWa8,3hJQ8L8XmDpgdtRbVebh3tYvMFwhtNLyc7SJBHSCfxGo,false,2025-05-30T09:59:49.000Z,solana,Transfer,,true,PYTH,HZ1JovNiVvGrGNiiYvEozEVgZ58xaU3RKwX8eACQBCt3,20120.590214,543120.590214,522999.99999999994
4qqCbnNhhMhiA2Sp3X6bQGEgoRuvoR4JQLb5GHfwTcQm9qL6xmN5weV9UzxueafRwahmVkH4FsQbLLi42bfWWKsN,3hJQ8L8XmDpgdtRbVebh3tYvMFwhtNLyc7SJBHSCfxGo,false,2025-05-30T09:41:08.000Z,,,,true,PYTH,HZ1JovNiVvGrGNiiYvEozEVgZ58xaU3RKwX8eACQBCt3,20120.590213,20120.590214,0.0000010000003385357559
3hAv9eqFgJKy8TwjJnL6pACcwCSC2eyDtLkx6tUvRi7HY6PYpmBxFSs5QXD4nZ2k3KjVQySvvhptjMo3reUujHLH,3hJQ8L8XmDpgdtRbVebh3tYvMFwhtNLyc7SJBHSCfxGo,false,2025-05-30T09:41:07.000Z,solana,Transfer,,true,SOL,11111111111111111111111111111111,0.278659837,0.278669837,0.00001
4zhC4fyVBs1DFswTXpa1yNFBpVmcRrP81Kwia1hff2qy88f9VJeGme8Af79xhjanjFNEAsML4B952bnFjT9aqe4S,3hJQ8L8XmDpgdtRbVebh3tYvMFwhtNLyc7SJBHSCfxGo,false,2025-05-30T09:40:49.000Z,solana,Transfer,,true,SOL,11111111111111111111111111111111,0.278659833,0.278659837,4e-9
5HdfwZShTQ34PtApjVtpS4ZS6LQeCHgSDms8fZonsJfEBu8kfYmf7LyzfBKbM2nErwLsi5MekGJVJXyfbJwqDUdp,3hJQ8L8XmDpgdtRbVebh3tYvMFwhtNLyc7SJBHSCfxGo,false,2025-05-30T09:40:49.000Z,solana,Transfer,,true,SOL,11111111111111111111111111111111,0.278659825,0.278659833,8e-9
2GBVBzyaoG4jPViVEsTt1sznMiRSY7AmBuRPWmj5yjQX9UF1ubfsmJaGNud9ceSAPmP3BAuzPb56AGPS9JdxGo5R,3hJQ8L8XmDpgdtRbVebh3tYvMFwhtNLyc7SJBHSCfxGo,false,2025-05-30T09:40:49.000Z,solana,Transfer,,true,SOL,11111111111111111111111111111111,0.278659819,0.278659825,6e-9
64FjbQVBok55nPJNmSSLQmcNXkdfjz7F6UEAMBx83qeKDjvg8F3A79XjxUUUoQari9WUv5YMvRNJLpot7Cec634w,3hJQ8L8XmDpgdtRbVebh3tYvMFwhtNLyc7SJBHSCfxGo,false,2025-05-30T09:40:49.000Z,solana,Transfer,,true,SOL,11111111111111111111111111111111,0.278659817,0.278659819,2e-9
D23kWycwyQa81ww6fAmsZ671FjyDJD8nRzSXAw9VHMmUUzbVwyRPVC96Rzw1dUZHNwXvmyh5UC4Hsdb2PQSGZAy,3hJQ8L8XmDpgdtRbVebh3tYvMFwhtNLyc7SJBHSCfxGo,false,2025-05-30T09:40:21.000Z,solana,Transfer,,true,PYTH,HZ1JovNiVvGrGNiiYvEozEVgZ58xaU3RKwX8eACQBCt3,20020.590213,20120.590213,100
2uT8i4ChoQiEaU2m33DkoNUFqFEsXdsgtRnCfdDPp5k3nTNEt6jYvuDdTVRcmnMGR7MhYuGJJjeYeJ9k6TzoVTx4,3hJQ8L8XmDpgdtRbVebh3tYvMFwhtNLyc7SJBHSCfxGo,true,2025-05-28T13:06:54.000Z,phantom,Transfer,0.001058251,true,SOL,11111111111111111111111111111111,0.281757348,0.278659817,-0.003097531
2uT8i4ChoQiEaU2m33DkoNUFqFEsXdsgtRnCfdDPp5k3nTNEt6jYvuDdTVRcmnMGR7MhYuGJJjeYeJ9k6TzoVTx4,3hJQ8L8XmDpgdtRbVebh3tYvMFwhtNLyc7SJBHSCfxGo,true,2025-05-28T13:06:54.000Z,phantom,Transfer,0.001058251,true,USDT,Es9vMFrzaCERmJfrF4H2FYD4KCoNkY11McCe8BenwNYB,18764.808365,114.808365,-18650
32Ae4Vs7zv6FdjSwhQVuJKXTHeEojd8pKf1ZxB7YaHr95bXrexX1ansUBvMttYc9jGSMEphgxdFTJQuoe1M5GTfo,3hJQ8L8XmDpgdtRbVebh3tYvMFwhtNLyc7SJBHSCfxGo,false,2025-05-28T13:01:25.000Z,solana,Transfer,,true,SOL,11111111111111111111111111111111,0.281757347,0.281757348,1e-9
4o3jQAsAdTZHiybV1MpcZguGgXQapWmrESuD8fQB22Gd4AQU3dq4zVtJusATQfdwJ5AS6C7TUTaJoXDdYwSy5Sfc,3hJQ8L8XmDpgdtRbVebh3tYvMFwhtNLyc7SJBHSCfxGo,false,2025-05-28T13:01:13.000Z,solana,Transfer,,true,SOL,11111111111111111111111111111111,0.281757346,0.281757347,1e-9
2Kb8sqFRbEJfDR2FEkWxR8RTK1AZSiNiotUkFUCkqXXiSb4WmSqm8cWXXHHx3E7w7VeJgScJC4TVyVrFyCFTqSkb,3hJQ8L8XmDpgdtRbVebh3tYvMFwhtNLyc7SJBHSCfxGo,true,2025-05-28T13:01:10.000Z,jupiter-exchange,JupiterZ,0.000011483,true,PYTH,HZ1JovNiVvGrGNiiYvEozEVgZ58xaU3RKwX8eACQBCt3,150020.590213,20020.590213,-129999.99999999999
2Kb8sqFRbEJfDR2FEkWxR8RTK1AZSiNiotUkFUCkqXXiSb4WmSqm8cWXXHHx3E7w7VeJgScJC4TVyVrFyCFTqSkb,3hJQ8L8XmDpgdtRbVebh3tYvMFwhtNLyc7SJBHSCfxGo,true,2025-05-28T13:01:10.000Z,jupiter-exchange,JupiterZ,0.000011483,true,USDT,Es9vMFrzaCERmJfrF4H2FYD4KCoNkY11McCe8BenwNYB,627.176252,18764.808365,18137.632113
35Q1dCgHk1Ky3DbZLLUH9wrUxSmqzESn7kf3oXuiUmdVXLzJVQpUqRUtnv792fBC5T7st1UStFGDDUhfXyeNPc6S,3hJQ8L8XmDpgdtRbVebh3tYvMFwhtNLyc7SJBHSCfxGo,false,2025-05-20T06:43:31.000Z,solana,Transfer,,true,SOL,11111111111111111111111111111111,0.281757345,0.281757346,1e-9
BAvcxUm7wntpTszcGBY6x7RH1HB8bE7ZBBGuPP1otUyKPQghhg3biRxB2a9NnXMcSQSXKn9JZkyWR4m6ag5oSud,3hJQ8L8XmDpgdtRbVebh3tYvMFwhtNLyc7SJBHSCfxGo,false,2025-05-20T06:43:31.000Z,solana,Transfer,,true,SOL,11111111111111111111111111111111,0.281757344,0.281757345,1e-9
3tmJUfR68EiMCGEEPzVUUtazRFp6ciMrcf8n4xx9F1XcBMsdm2KKcDf6mKBgYsRUnpdvZaDsdLuNXZ2uE8bPVJZi,3hJQ8L8XmDpgdtRbVebh3tYvMFwhtNLyc7SJBHSCfxGo,false,2025-05-20T06:43:31.000Z,solana,Transfer,,true,SOL,11111111111111111111111111111111,0.281757343,0.281757344,1e-9
4kfFV3NmdTgeFSvCrX5AHWtJHEB4RABtnPzCUfQkjGrzengTjq9mE7RjZpwcHh7agaca45z9wiovwi4UUxMTo3rV,3hJQ8L8XmDpgdtRbVebh3tYvMFwhtNLyc7SJBHSCfxGo,false,2025-05-20T06:43:31.000Z,solana,Transfer,,true,SOL,11111111111111111111111111111111,0.281757342,0.281757343,1e-9
vzUjsgELJt6L2d4TdM3t3ChFXzGpdQB482G2mHyTxJXzDHdyEWe3UsM2bhs3dCAuaabFWuMgkpdFxSFXsKKecZx,3hJQ8L8XmDpgdtRbVebh3tYvMFwhtNLyc7SJBHSCfxGo,true,2025-05-20T06:43:27.000Z,solana,Transfer,0.00008,true,SOL,11111111111111111111111111111111,1.781837342,0.281757342,-1.50008
63cAkFSMPTHxttetMtvcGGHazYgSQyakKvSgNczeWHLmH4ioVGqYsSgDFLejCFEaD2wtMttC4ta7pEsifYMy6zVX,3hJQ8L8XmDpgdtRbVebh3tYvMFwhtNLyc7SJBHSCfxGo,false,2025-05-03T00:02:40.000Z,solana,Transfer,,true,SOL,11111111111111111111111111111111,1.781837341,1.781837342,1e-9
2vWAgYBpUqhg85F3yi1TbfKcSmJRhXC5MQYG1ydjcebZGTENH9zYYZKTafhgqc2FKaVeZbS7iASnTpNmb9GXM8xu,3hJQ8L8XmDpgdtRbVebh3tYvMFwhtNLyc7SJBHSCfxGo,true,2025-05-02T11:23:51.000Z,jupiter-exchange,Swap v6,0.000126879,true,SOL,11111111111111111111111111111111,1.88196422,1.781837341,-0.100126879
2vWAgYBpUqhg85F3yi1TbfKcSmJRhXC5MQYG1ydjcebZGTENH9zYYZKTafhgqc2FKaVeZbS7iASnTpNmb9GXM8xu,3hJQ8L8XmDpgdtRbVebh3tYvMFwhtNLyc7SJBHSCfxGo,true,2025-05-02T11:23:51.000Z,jupiter-exchange,Swap v6,0.000126879,true,PYTH,HZ1JovNiVvGrGNiiYvEozEVgZ58xaU3RKwX8eACQBCt3,149920.628823,150020.590213,99.9613899999822
5gr1ZnkZVjbpQBGn4y7YwhmVZZVm1yrmS5aoZdJErhbTG9R2HG3WBxwZpjvSQsvZ3yh2wPHmgR96HbpoqeMvmMwH,3hJQ8L8XmDpgdtRbVebh3tYvMFwhtNLyc7SJBHSCfxGo,false,2025-05-02T11:22:12.000Z,solana,Transfer,,true,SOL,11111111111111111111111111111111,1.881964219,1.88196422,1e-9
3VZjBLP8FmYbLgKfN8hWyg3Wy8bGkd9qErXdCG1v8pFCJv9WtTFhCxBH1bM3DZHNGPSs9vr8rAJJHZaSexxkjKey,3hJQ8L8XmDpgdtRbVebh3tYvMFwhtNLyc7SJBHSCfxGo,true,2025-05-02T11:22:11.000Z,jupiter-exchange,JupiterZ,0.00001163,true,SOL,11111111111111111111111111111111,38.655327735,1.881964219,-36.773363516
3VZjBLP8FmYbLgKfN8hWyg3Wy8bGkd9qErXdCG1v8pFCJv9WtTFhCxBH1bM3DZHNGPSs9vr8rAJJHZaSexxkjKey,3hJQ8L8XmDpgdtRbVebh3tYvMFwhtNLyc7SJBHSCfxGo,true,2025-05-02T11:22:11.000Z,jupiter-exchange,JupiterZ,0.00001163,true,PYTH,HZ1JovNiVvGrGNiiYvEozEVgZ58xaU3RKwX8eACQBCt3,113150.000001,149920.628823,36770.62882200001
FFZUDSTDQV9eiXMpnJLwMdM6cWvwzUxqCHjQF3Yd24pG6CbuDZ6WH3Z9yPKKpkv9NnFYJn2DHGon6dwvc8KvnpE,3hJQ8L8XmDpgdtRbVebh3tYvMFwhtNLyc7SJBHSCfxGo,false,2025-05-02T11:19:12.000Z,solana,Transfer,,true,SOL,11111111111111111111111111111111,38.655317735,38.655327735,0.00001
32vJs21YjN9LBVtH3vPoaxrVFCV4XVYad1KMFeo8YNn9tFSd3TxeseJ8RKZ9P2YxfWDZaX5UZHgB1Z1kfFBuhYsN,3hJQ8L8XmDpgdtRbVebh3tYvMFwhtNLyc7SJBHSCfxGo,false,2025-05-02T11:18:54.000Z,solana,Transfer,,true,SOL,11111111111111111111111111111111,38.655317731,38.655317735,4e-9
2FypMns7x8K4b5f3hhrukJr1Ne7dwLrpgvsNQZuLcWwp3UujxL6UsyYwJBie4u27NaPLhUZdqEwvUusbbwCmEZwc,3hJQ8L8XmDpgdtRbVebh3tYvMFwhtNLyc7SJBHSCfxGo,false,2025-05-02T11:18:54.000Z,solana,Transfer,,true,SOL,11111111111111111111111111111111,38.655317725,38.655317731,6e-9
Xkm13WvvKrJ2ze7An5i75KXkScPyifXnV4aB3pVJTpThXtW54SRL4kuPYTFqRpm8pJRQx6uQ7BqWRCFmv9MKMXZ,3hJQ8L8XmDpgdtRbVebh3tYvMFwhtNLyc7SJBHSCfxGo,false,2025-05-02T11:18:54.000Z,solana,Transfer,,true,SOL,11111111111111111111111111111111,38.655317723,38.655317725,2e-9
3w92bHepm1KTPrgHdjiUFDiMr11AEkXrEdAbtS6PizKdHHiA2J9MDTsdg2eLevSUsks2n1HX7RioqqWTJSrW7cqP,3hJQ8L8XmDpgdtRbVebh3tYvMFwhtNLyc7SJBHSCfxGo,true,2025-05-02T11:18:22.000Z,solana,Transfer,0.00008,true,SOL,11111111111111111111111111111111,73.655397723,38.655317723,-35.00008
3GGkprZg2HDc4viwPt3hVQ8v5UsiucoCY8AThTyTc4imQvgyAPqw5YjAecrEup6er1hcTBk1vKKBCbSxw7AhoJSk,3hJQ8L8XmDpgdtRbVebh3tYvMFwhtNLyc7SJBHSCfxGo,true,2025-05-02T11:14:12.000Z,jupiter-exchange,JupiterZ,0.00001713,true,SOL,11111111111111111111111111111111,36.882034207,73.655397723,36.773363516
3GGkprZg2HDc4viwPt3hVQ8v5UsiucoCY8AThTyTc4imQvgyAPqw5YjAecrEup6er1hcTBk1vKKBCbSxw7AhoJSk,3hJQ8L8XmDpgdtRbVebh3tYvMFwhtNLyc7SJBHSCfxGo,true,2025-05-02T11:14:12.000Z,jupiter-exchange,JupiterZ,0.00001713,true,PYTH,HZ1JovNiVvGrGNiiYvEozEVgZ58xaU3RKwX8eACQBCt3,150000.000001,113150.000001,-36850.000000000015
568oWHtfswk4WYN4yZsf2Smd4SgF9XRGH4RP13sEUoCFSqqEeno9Wg9aLqVoQ31d1H6T482sfBJpm1dMQgWiEZxS,3hJQ8L8XmDpgdtRbVebh3tYvMFwhtNLyc7SJBHSCfxGo,false,2025-05-02T11:13:33.000Z,solana,Transfer,,true,SOL,11111111111111111111111111111111,36.882034206,36.882034207,1e-9
52vJB6jqoK5AgGiDh2rvvSECQLfURVtnE6j53mFFFxGo5p5UiqPkkHHpW3JX2e6kmLC9pWDMg2H9hnBgy6tnhxEf,3hJQ8L8XmDpgdtRbVebh3tYvMFwhtNLyc7SJBHSCfxGo,false,2025-05-02T11:13:33.000Z,solana,Transfer,,true,SOL,11111111111111111111111111111111,36.882034205,36.882034206,1e-9
2zBU6TiaZDb1iPT1m7xNSwtYsEeRGcPVkJA9Lo6kxXq5yPARaiGvcstwos1JU36RDGxvL2foGh9pSoFNiRxGeJEY,3hJQ8L8XmDpgdtRbVebh3tYvMFwhtNLyc7SJBHSCfxGo,false,2025-05-02T11:13:33.000Z,solana,Transfer,,true,SOL,11111111111111111111111111111111,36.882034204,36.882034205,1e-9
4qQY2LVrjNVWrjijyGNRFqRAEoMAe8geLw4iNJGrpbqU1hkzzzuqgLo9Jrt8NG58wiEuqCjNVqgSZUuDxc5TNHYR,3hJQ8L8XmDpgdtRbVebh3tYvMFwhtNLyc7SJBHSCfxGo,true,2025-05-02T11:13:29.000Z,jupiter-exchange,JupiterZ,0.000012067,true,SOL,11111111111111111111111111111111,0.094648303,36.882034204,36.787385901
4qQY2LVrjNVWrjijyGNRFqRAEoMAe8geLw4iNJGrpbqU1hkzzzuqgLo9Jrt8NG58wiEuqCjNVqgSZUuDxc5TNHYR,3hJQ8L8XmDpgdtRbVebh3tYvMFwhtNLyc7SJBHSCfxGo,true,2025-05-02T11:13:29.000Z,jupiter-exchange,JupiterZ,0.000012067,true,PYTH,HZ1JovNiVvGrGNiiYvEozEVgZ58xaU3RKwX8eACQBCt3,186850.000001,150000.000001,-36850
5K2RTnhfoeMf4i8ZcqWyATN2Fqt15Bwd4arAgSxUvmntzomAr5RRy7ftK6y57vHkPgbLDvJ27c9amWJs4PTXmGuW,3hJQ8L8XmDpgdtRbVebh3tYvMFwhtNLyc7SJBHSCfxGo,true,2025-04-29T14:20:30.000Z,phantom,Transfer,0.001284159,true,SOL,11111111111111111111111111111111,0.097971742,0.094648303,-0.003323439
5K2RTnhfoeMf4i8ZcqWyATN2Fqt15Bwd4arAgSxUvmntzomAr5RRy7ftK6y57vHkPgbLDvJ27c9amWJs4PTXmGuW,3hJQ8L8XmDpgdtRbVebh3tYvMFwhtNLyc7SJBHSCfxGo,true,2025-04-29T14:20:30.000Z,phantom,Transfer,0.001284159,true,USDT,Es9vMFrzaCERmJfrF4H2FYD4KCoNkY11McCe8BenwNYB,11007.176252,627.176252,-10380
3EnKD8P92s76JeNEtehDL7xczeG6rTrKWT4LPhVyffN4bGyx6toe9sXpaZLiWca4QaTFnRfkkdMf4Z7rNafCeeq4,3hJQ8L8XmDpgdtRbVebh3tYvMFwhtNLyc7SJBHSCfxGo,false,2025-04-29T13:54:17.000Z,solana,Transfer,,true,SOL,11111111111111111111111111111111,0.097971741,0.097971742,1e-9
56hSiJidBfJNzvb5iQzoVTWugCtH52YRoEXfuQduPzzAvLt75F37QH5FQn7t6nktVyLwpgmtGvB7tNVboxQp64yN,3hJQ8L8XmDpgdtRbVebh3tYvMFwhtNLyc7SJBHSCfxGo,false,2025-04-29T13:54:12.000Z,solana,Transfer,,true,SOL,11111111111111111111111111111111,0.09797174,0.097971741,1e-9
LPqjjmLdRS6zigEbh2Si7sr26YGeFz3Xhn82UcLYwTjjfxQJL8r9CcvdiH6MU49ovXXVsKCWV2Nxp3TjBabuSPo,3hJQ8L8XmDpgdtRbVebh3tYvMFwhtNLyc7SJBHSCfxGo,true,2025-04-29T13:54:01.000Z,jupiter-exchange,JupiterZ,0.000014216,true,SOL,11111111111111111111111111111111,0.10001102,0.09797174,-0.00203928
LPqjjmLdRS6zigEbh2Si7sr26YGeFz3Xhn82UcLYwTjjfxQJL8r9CcvdiH6MU49ovXXVsKCWV2Nxp3TjBabuSPo,3hJQ8L8XmDpgdtRbVebh3tYvMFwhtNLyc7SJBHSCfxGo,true,2025-04-29T13:54:01.000Z,jupiter-exchange,JupiterZ,0.000014216,true,PYTH,HZ1JovNiVvGrGNiiYvEozEVgZ58xaU3RKwX8eACQBCt3,257250.000001,186850.000001,-70400
LPqjjmLdRS6zigEbh2Si7sr26YGeFz3Xhn82UcLYwTjjfxQJL8r9CcvdiH6MU49ovXXVsKCWV2Nxp3TjBabuSPo,3hJQ8L8XmDpgdtRbVebh3tYvMFwhtNLyc7SJBHSCfxGo,true,2025-04-29T13:54:01.000Z,jupiter-exchange,JupiterZ,0.000014216,true,USDT,Es9vMFrzaCERmJfrF4H2FYD4KCoNkY11McCe8BenwNYB,0,11007.176252,11007.176252
4incomcuEcRUsthXhRVAPqihQpfJ8SaD8W6VWJspJxZGmXquPmdUG7D4xGiZmhzMhRhtnh11rVVF5q5G6hW98vs7,3hJQ8L8XmDpgdtRbVebh3tYvMFwhtNLyc7SJBHSCfxGo,false,2025-03-06T20:10:10.000Z,solana,Transfer,,true,SOL,11111111111111111111111111111111,0.10001002,0.10001102,0.000001
3hKNLmQPN79pLJNybz6Br4UXHUNSS2K4SoAGSufzydXjftgDfDnwACqdRqyydMngRzhhjN4mVvixLBh5XTRkJZCw,3hJQ8L8XmDpgdtRbVebh3tYvMFwhtNLyc7SJBHSCfxGo,false,2025-03-06T09:21:43.000Z,solana,Transfer,,true,SOL,11111111111111111111111111111111,0.10000002,0.10001002,0.00001
4Nk7c21ZjqEVWfuf8aJcdbSTatRctgZiELzxjrfVLfhDDRJEFPxgwxkpTz6tT3QGGMb24pfn4vMQNyab1HMjep3P,3hJQ8L8XmDpgdtRbVebh3tYvMFwhtNLyc7SJBHSCfxGo,false,2025-03-06T09:21:24.000Z,solana,Transfer,,true,SOL,11111111111111111111111111111111,0.100000012,0.10000002,8e-9
3nvTZN4YBhRJBQ8RLzp8ouHVxFYYfCcY3giz7ZJvGARFV7St1rPVhVkHpJ65swiKnunKrjhYpao3i5kL7QX4xHsp,3hJQ8L8XmDpgdtRbVebh3tYvMFwhtNLyc7SJBHSCfxGo,false,2025-03-06T09:21:24.000Z,solana,Transfer,,true,SOL,11111111111111111111111111111111,0.100000006,0.100000012,6e-9
3kgZakvFxEK1XffUV42S7JZis8kLVU5BwBWQUj5SMrXF9EuQ82VqBmSK8VC3DzEcDg3k1s7aWDRVPwgZzNT3LqUK,3hJQ8L8XmDpgdtRbVebh3tYvMFwhtNLyc7SJBHSCfxGo,false,2025-03-06T09:21:24.000Z,solana,Transfer,,true,SOL,11111111111111111111111111111111,0.100000004,0.100000006,2e-9
qWW4yFs5uYeLEwH8ZucEj5dF6LKjFcw6YGoRAxsPKBr2wY7NTbvRcASjpvHoJZUXss9hSxk5LM562qVEqzjc6cg,3hJQ8L8XmDpgdtRbVebh3tYvMFwhtNLyc7SJBHSCfxGo,false,2025-03-06T09:21:24.000Z,solana,Transfer,,true,SOL,11111111111111111111111111111111,0.1,0.100000004,4e-9
spoxmchgnGnMeX2FSxp3EadKUvuqVtNmmMa29Q493EEZ6MR8nE2YfFuq947vcDysjPa8hVspW7sAfjRUpfPiRDh,3hJQ8L8XmDpgdtRbVebh3tYvMFwhtNLyc7SJBHSCfxGo,false,2025-03-06T09:19:15.000Z,phantom,Transfer,,true,PYTH,HZ1JovNiVvGrGNiiYvEozEVgZ58xaU3RKwX8eACQBCt3,0,150,150
7YtUsSVakCWQ2NAS4iyecMUxwxjDqwFaSkB9urTuodgJe72BetcqH1Uwdrkq758gsoQf7uRL9BSWKaU1vmFQVDm,3hJQ8L8XmDpgdtRbVebh3tYvMFwhtNLyc7SJBHSCfxGo,false,2025-03-06T09:15:52.000Z,solana,Transfer,,true,SOL,11111111111111111111111111111111,0,0.1,0.1